name,capacity,latitude,longitude
Rogers Ave & Snyder Ave,0,40.64871,-73.95218
E 16 St & Cortelyou Rd,0,40.64173,-73.96364
Matthews Ct & Coney Island Ave,0,40.64235,-73.96951
Cortelyou Rd & E 19 St,0,40.64269,-73.96099
E 17 St & Beverley Rd,0,40.64466,-73.96322
Church Ave & Nostrand Ave,0,40.65074,-73.94986
E 18 St & Church Ave,0,40.64958,-73.96316
Brooklyn Ave & Beverley Rd,0,40.64575,-73.94331
New York Ave & Snyder Ave,0,40.64868,-73.94635
Turner Pl & Coney Island Ave,0,40.64521,-73.97073
Wilson Ave & Moffat St,32,40.68906,-73.90506
Hicks St & Montague St,20,40.69512845,-73.99595065
W 35 St & Dyer Ave,41,40.754691750226016,-73.99740189313889
Broadway & Berry St,34,40.71036129922581,-73.96530389785767
Columbia St & Degraw St,21,40.6859296,-74.00242364
Fulton St & Clermont Ave,75,40.68415748,-73.96922273
Clinton St & Grand St,69,40.71559509,-73.9870295
Pinehurst Ave & W 187 St,20,40.855331,-73.937878
E 201 St & Briggs Ave,19,40.87207,-73.88459
Melrose Ave & E 150 St,31,40.816827,-73.917338
Lenox Rd & E 43 St,21,40.65496,-73.93765
Broadway & E 19 St,45,40.73866091428551,-73.98987293243407
Eastern Pkwy & Brooklyn Ave,21,40.66939,-73.94514
E 51 St & Lexington Ave,75,40.75714758,-73.97207836
43 St & Skillman Ave,19,40.74692675687384,-73.9208248257637
Southern Blvd & Tiffany St,20,40.818185,-73.894143
Morris Ave & E 142 St,23,40.814469,-73.924963
3 St & 7 Ave,27,40.6703837,-73.97839676
Rivington St & Chrystie St,64,40.72110063,-73.9919254
Menahan St & Seneca Ave,16,40.70461,-73.91054
Cauldwell Ave & E 161 St,18,40.82188,-73.907521
E 58 St & 1 Ave (NE Corner),29,40.75892386377695,-73.96226227283478
62 St & 43 Ave,20,40.74261,-73.903
53 St & 2 Ave,30,40.64744,-74.018846
Broadway & Roebling St,27,40.70924826276157,-73.96063148975372
W 133 St & 12 Ave,19,40.820003,-73.959089
10 St & 7 Ave,23,40.6662078,-73.98199886
E 174 St & Walton Ave,27,40.844811,-73.912042
Riverside Dr & W 82 St,75,40.78720869,-73.98128127
Broadway & Moylan Pl,41,40.8143256,-73.9590255
Greenpoint Ave & Manhattan Ave,27,40.73026,-73.95394
Pacific St & Sackman St,19,40.67522,-73.9061
31 St & Hoyt Ave N,35,40.7711528,-73.9170074
E 40 St & Park Ave,87,40.750756,-73.978326
Boston Rd & Prospect Ave,19,40.833246,-73.896599
Central Ave & Starr Street,23,40.700003,-73.92834
E 78 St & 2 Ave,25,40.7727966,-73.95577801
Green St & McGuinness Blvd,20,40.73396,-73.95204
Stanton St & Mangin St,19,40.71782143,-73.97628939
Lafayette Ave & Hunts Point Ave,22,40.816567,-73.888161
St James Pl & Pearl St,27,40.71117416,-74.00016545
5 Ave & W 131 St,20,40.81014,-73.93973
Bushwick Ave & Stagg St,21,40.709897,-73.94008
E 163 St & Tiffany St,19,40.821075,-73.895069
52 St & 6 Ave,19,40.642703,-74.009441
Macombs Rd & W 175 St,20,40.848177,-73.916082
Willoughby Ave & Myrtle Ave,19,40.69757,-73.93098
Convent Ave & W 135 St,30,40.818215,-73.950988
Atlantic Ave & Furman St,37,40.69165183,-73.9999786
W 100 St & Broadway,39,40.7973721,-73.97041192
Amsterdam Ave & W 186 St,21,40.851113,-73.928808
Broadway & Morris St,69,40.705945132708806,-74.01321887969969
Pacific St & Utica Ave,20,40.6767,-73.93051
64 St & 51 Ave,19,40.73577,-73.90184
Greene Ave & Nostrand Ave,23,40.6883337,-73.950916
W 67 St & Broadway,31,40.77492513,-73.98266566
Amsterdam Ave & W 156 St,27,40.832081,-73.942386
E 106 St & Madison Ave,25,40.7934337,-73.94945003
Cooper Ave & 65 Pl,23,40.69953,-73.88873
46 St & 28 Ave,19,40.763328,-73.908782
Henry St & Bay St,19,40.6725058,-74.00494695
W Tremont Ave & Montgomery Ave,21,40.851788,-73.916418
Madison Ave & E 99 St,35,40.78948541553215,-73.95242929458618
Fulton Ave & St. Paul's Pl,19,40.83545,-73.90153
Jerome Ave & Anderson Ave,19,40.830179,-73.928747
Anthony Ave & E 175 St,19,40.846465,-73.903869
Devoe St & Morgan Ave,19,40.713811,-73.93515
Macon St & Nostrand Ave,24,40.6809833854,-73.9500479759
Sheridan Ave & E 168 St,22,40.835334,-73.9154
Longfellow Ave & Aldus St,24,40.82319448542357,-73.88762910982096
Madison St & Evergreen Ave,18,40.69122,-73.91693
Clinton St & 4 Place,25,40.6783563,-74.00014502
Steinway St & Broadway,32,40.75905795418586,-73.91897544264793
35 St & 23 Ave,28,40.77301508291382,-73.91119033098221
60 Ave & Fresh Pond Rd,19,40.71693,-73.90198
Dyckman St & Staff St,19,40.868846,-73.931537
E 15 St & 3 Ave,78,40.734232,-73.986923
Jerome Ave & W Fordham Rd,24,40.86294,-73.90108
3 Ave & E 169 St,21,40.832678,-73.905158
Lexington Ave & E 24 St,79,40.74025878,-73.98409214
E Tremont Ave & E 176 St,21,40.847798,-73.901883
E 144 St & Brook Ave,19,40.811675,-73.917037
Barrow St & Hudson St,45,40.73172428,-74.00674436
River Ave & E 153 St,27,40.82441,-73.92818
Calyer St & West St,35,40.72693,-73.95863
Franklin St & Dupont St,27,40.73564,-73.95866
Columbia Heights & Cranberry St,37,40.70037867,-73.99548059
3 St & Hoyt St,53,40.6777287,-73.99364123
MacDougal St & Washington Sq,33,40.73226398,-73.99852205
Broadway & Ellwood St,19,40.862058,-73.929719
W 37 St & 10 Ave,39,40.75660359,-73.9979009
Willoughby Ave & Tompkins Ave,19,40.69425403,-73.94626915
63 St & 59 Dr,23,40.71832,-73.90128
Broadway & W 165 St,24,40.839137,-73.941409
Cauldwell Ave & E 158 St,19,40.81989,-73.908351
Grove St & Broadway,31,40.69047,-73.923511
Shakespeare Ave & W 169 St,20,40.839312,-73.922423
4 Ave & Shore Road Dr,20,40.637033,-74.022141
Sterling St & Nostrand Ave,27,40.66318,-73.95076
E New York Ave & Troy Ave,21,40.66227,-73.93762
21 St & Hoyt Ave S,33,40.774645,-73.923706
Carlton Ave & St Marks Ave,27,40.67911856082165,-73.97176265716553
Kingsland Ave & Nassau Ave,25,40.72577,-73.94173
56 Dr & 59 St,19,40.72403,-73.90853
Wilson Ave & Troutman St,26,40.70166,-73.92754
Winthrop St & Schenectady Ave,21,40.65808,-73.93415
Nassau Ave & Newell St,51,40.724812564400175,-73.94752621650696
Grand Concourse & E 161 St,27,40.82713380423556,-73.9227358996868
Parkside Ave & Flatbush Ave,25,40.65563,-73.95968
W 35 St & 8 Ave,57,40.752762088742045,-73.99280458705107
Rutland Rd & E 45 St,23,40.66034,-73.93618
Morris Ave & E 153 St,19,40.820036,-73.921411
Berry St & N 8 St,27,40.7190095,-73.95852515
E 171 St & Webster Ave,20,40.838379,-73.905838
Carroll St & Utica Ave,20,40.66619,-73.93162
17 St & 5 Ave,25,40.663493,-73.991007
W 190 St & Broadway,21,40.85648733523576,-73.93296986818314
Greenwich Ave & Charles St,57,40.735238,-74.000271
Broadway & W 138 St,27,40.82182,-73.95353
Park Ave & E 124 St,36,40.8045555,-73.9396861
Barry St & Tiffany St,19,40.816126,-73.891559
N Henry St & Norman Ave,29,40.7277,-73.94395
Alexander Ave & E 134 St,19,40.807466,-73.927107
Madison St & Seneca Ave,22,40.70183,-73.90625
E 6 St & Avenue B,67,40.72453734,-73.98185424
E 170 St & Sheridan Ave,30,40.838315,-73.912604
W 26 St & 10 Ave,51,40.749717753,-74.002950346
E 98 St & Park Ave,25,40.78813,-73.95206
Seneca Ave & Irvine St,19,40.81872569990116,-73.88862490653992
Eastern Pkwy & Franklin Ave,42,40.6707767,-73.9576801
Sedgwick Ave & W Tremont Ave,19,40.85304455868985,-73.91830623149872
Lexington Ave & E 127 St,33,40.805726,-73.936322
Sterling Pl & New York Ave,25,40.67234,-73.94763
Steinway St & 19 Ave,21,40.778089,-73.899558
Amsterdam Ave & W 175 St,23,40.844044,-73.933651
Montrose Ave & Bushwick Ave,42,40.70767788,-73.94016171
Duane St & Hudson St,44,40.71703,-74.00925
Meserole Ave & Manhattan Ave,28,40.72708584,-73.95299117
Thomas S. Boyland St & Macon St,21,40.68491,-73.91493
E 20 St & Park Ave,45,40.73827428,-73.98751968
Railroad Ave & Kay Ave,30,40.70514807698391,-73.97078096866608
51 Ave & 61 St,19,40.73568,-73.90387
E 106 St & Lexington Ave,27,40.791976,-73.945993
3 St & Prospect Park West,31,40.668132,-73.97363831
41 Ave & 67 St,20,40.74446,-73.89764
Bushwick Ave & Dekalb Ave,25,40.69502,-73.92825
Lewis Ave & Decatur St,19,40.6814598,-73.934903
E 14 St & Avenue B,43,40.72938685,-73.97772429
Dean St & Rockaway Ave,21,40.67486,-73.91123
9 Ave & W 204 St,24,40.86169883507865,-73.91855701804161
Grand Ave & 58 Ave,20,40.72098,-73.90701
Decatur Ave & Bedford Park Blvd,20,40.86813,-73.88412
7 St & 5 Ave,27,40.6704922,-73.98541675
Brook Ave & E 141 St,19,40.809619,-73.917875
W 163 St & Riverside Dr,19,40.839278,-73.945446
Warren St & W Broadway,71,40.71473993,-74.00910627
Sedgwick Ave & Hall of Fame Tce,19,40.859532,-73.913303
Division Ave & Marcy Ave,33,40.70708701,-73.95796783
Nassau Ave & Russell St,51,40.72557,-73.94434
Sherman Ave & Thayer St,21,40.863124,-73.926994
Eastern Pkwy & Ralph Ave,21,40.66852,-73.92284
65 St & Broadway,18,40.749372273899596,-73.89738768339157
Herkimer St & Eastern Pkwy,20,40.67738,-73.90829
Fulton St & Saratoga Ave,19,40.67853,-73.91642
14 St & 7 Ave,24,40.663779,-73.98396846
E 85 St & York Ave,47,40.77536905,-73.94803392
Home St & Westchester Ave,21,40.827629,-73.886659
Morris Ave & E 163 St,21,40.827230499624726,-73.91765579597632
Prospect Pl & Nostrand Ave,22,40.67428,-73.9503
Woodward Ave & Harman St,19,40.70793,-73.91092
Richardson St & N Henry St,25,40.71907891179564,-73.94223690032959
W 21 St & 6 Ave,74,40.74173969,-73.99415556
Westchester Ave & E 156 St,23,40.817802,-73.905203
Stanhope St & Fairview Ave,17,40.70998,-73.91116
Convent Ave & W 151 St,24,40.82831,-73.942924
E 93 St & 2 Ave,73,40.782454175279874,-73.9489196240902
Broad St & Bridge St,49,40.70365182,-74.01167797
West Thames St,73,40.70834698,-74.01713445
44 St & 3 Ave,23,40.651173,-74.011405
Mount Eden Pkwy & Eastburn Ave,19,40.842675,-73.908544
Broadway & W 38 St,68,40.7529728216068,-73.98734897375107
Adam Clayton Powell Blvd & W 126 St,33,40.809495347779475,-73.94776493310928
E 56 St & Madison Ave,33,40.761573,-73.972628
W 25 St & 8 Ave,66,40.74649996333341,-73.99732626293645
41 St & 3 Ave,19,40.652512,-74.008906
Riverside Dr & W 148 St,22,40.829114,-73.950426
63 St & Borden Ave,21,40.72655,-73.90321
Stagg St & Morgan Ave,23,40.710681,-73.93372
E 7 St & Avenue A,45,40.72621788,-73.98379855
35 St & 30 Ave,29,40.76547569244953,-73.91811579465866
34 Ave & 13 St,19,40.7638753,-73.9364848
Wolcott St & Dwight St,21,40.6753274,-74.0100698
West End Ave & W 94 St,31,40.7941654,-73.974124
2 Ave & 43 St,19,40.65292829363811,-74.01286482810974
56 Dr & 61 St,19,40.72368,-73.90458
W 171 St & St. Nicholas Ave,31,40.842941,-73.938631
Van Sinderen Ave & Truxton St,23,40.6786,-73.90369
Johnson St & Brooklyn Bridge Blvd,34,40.695,-73.98917
W 92 St & Broadway,24,40.7921,-73.9739
Montgomery St & Franklin Ave,19,40.666439306870814,-73.9605563879013
South St & Broad St,31,40.70188858913366,-74.01089876890182
W 12 St & Hudson St,45,40.73752993301071,-74.00558933615685
8 St & Astoria Blvd,19,40.7725996921817,-73.93266275525093
W 107 St & Columbus Ave,23,40.7997568,-73.9621128676
Broadway & W 48 St,103,40.76017739537783,-73.98486793041229
E 147 St & Bergen Ave,25,40.814673,-73.91839
Southern Blvd & E 174 St,27,40.836733,-73.887931
Clay Ave & Claremont Pkwy,21,40.83999,-73.90549
Bergen St & Saratoga Ave,20,40.67423,-73.91656
1 Ave & E 110 St,25,40.7923272,-73.9383
5 Ave & E 87 St,38,40.78232260730881,-73.95987510681152
W 15 St & 6 Ave,75,40.738046142482766,-73.99642959237099
Hoyt St & Warren St,35,40.6843549,-73.98901629
Whitehall St & Bridge St,42,40.703661705241345,-74.0131813287735
E 106 St & 2 Ave,24,40.790586067792006,-73.94195795059204
Columbia St & Lorraine St,37,40.6747055,-74.0075572
36 St & 3 Ave,30,40.655716,-74.006664
N 7 St & Driggs Ave,53,40.716967,-73.956388
Dawson St & Intervale Ave,19,40.819999,-73.897263
W 59 St & 10 Ave,117,40.770513,-73.988038
Southern Blvd & E 149 St,27,40.811892,-73.904192
Lafayette Ave & Ft Greene Pl,36,40.68700231292619,-73.97664964199066
Maple St & Flatbush Ave,24,40.66026,-73.96045
Morton St & Washington St,31,40.73115,-74.00887
2 Ave & 36 St,43,40.65708866668485,-74.00870203971863
72 St & 41 Ave,26,40.7448,-73.89377
Warren St & Smith St,33,40.685424009970184,-73.99127773940563
Bushwick Ave & Linden St,29,40.69146,-73.92146
Central Ave & Himrod St,25,40.69676,-73.92302
India St Pier,27,40.731734785883454,-73.9612390102593
Bailey Ave & Sedgwick Ave,20,40.86571,-73.90857
31 Ave & 57 St,23,40.757357,-73.904726
Riverside Dr & W 78 St,79,40.78414472,-73.98362492
Walton Ave & E 168 St,20,40.83649,-73.918316
President St & Nostrand Ave,28,40.66811,-73.9505
Madison Ave & E 120 St,30,40.80295,-73.942954
W 211 St & 10 Ave,20,40.86709406268147,-73.9172950387001
Cherry St,36,40.71219906,-73.97948148
Wilkins Ave & Crotona Park E,19,40.835302,-73.895133
Carroll St & 5 Ave,27,40.6751622,-73.9814832
Clinton St & Cherry St,33,40.711471394469264,-73.98672603070736
St Marks Ave & Thomas S. Boyland St,21,40.67313,-73.91387
W 34 St & Hudson Blvd E,57,40.75516719072139,-74.00059908628464
Stanton St & Norfolk St,49,40.720747,-73.986274
Chester Ave & 12 Ave,21,40.644367,-73.984276
Walker St & Baxter St,47,40.717411,-73.999573
Hart St & Wyckoff Ave,24,40.704876,-73.919911
55 St & 5 Ave,28,40.642408,-74.013318
Morris Ave & E 171 St,21,40.83899,-73.9109
Fulton St & Williams Ave,21,40.67709,-73.9008
Prospect Pl & Underhill Ave,23,40.6769694,-73.96579
E 45 St & 3 Ave,32,40.75255434,-73.97282625
5 Ave & 3 St,30,40.6728155,-73.98352355
Grand Ave & Bergen St,25,40.678045,-73.962408
Broadway & W 192 St,23,40.857994,-73.932173
Rivington St & Ridge St,61,40.71850211,-73.98329859
E 53 St & 3 Ave,41,40.75763227739443,-73.96930575370789
3 St & 3 Ave,79,40.6750705,-73.98775226
Amsterdam Ave & W 180 St,23,40.847396,-73.931205
Isham St & Broadway,29,40.86788,-73.919685
Morningside Dr & Amsterdam Ave,35,40.81028506306003,-73.95736455917358
Linden St & Knickerbocker Ave,18,40.69714,-73.91566
E 138 St & 5 Av,22,40.81449,-73.936153
Washington Park,24,40.6917823,-73.9737299
Riverside Dr & W 72 St,41,40.78057799010334,-73.98562431335449
E 54 St & 1 Ave,41,40.756265,-73.964179
E 35 St & Madison Ave,50,40.74848023448579,-73.98255586624146
Graham Ave & Withers St,18,40.7169811,-73.94485918
64 St & 53 Dr,19,40.72897,-73.90115
Clinton St & Tillary St,33,40.696232971293156,-73.99142056703568
61 St & Queens Blvd,27,40.74091,-73.90273
44 St & Greenpoint Ave,27,40.741119944681465,-73.92103672027588
Grand St & Elizabeth St,45,40.718822,-73.99596
49 St & 31 Ave,19,40.758057,-73.909831
Vernon Blvd & 41 Rd,27,40.7552433,-73.9485678
Pleasant Ave & E 120 St,21,40.7974772,-73.9311847
37 Ave & 35 St,26,40.7531106,-73.9279917
Wards Meadow Comfort Station,18,40.78294,-73.93077
West Broadway & Watts St,35,40.72323,-74.00314
37 St & 24 Ave,19,40.7701477,-73.9120938
Bergen St & Carlton Ave,29,40.680092336223886,-73.97118045900022
Grand Concourse & E 199 St,21,40.87142,-73.88839
Amsterdam Ave & W 119 St,29,40.8086249,-73.9596214
5 Ave & 37 St,30,40.652657,-74.002356
Ogden Ave & W 165 St,19,40.834457,-73.928381
S 4 St & Roebling St,41,40.710709,-73.959724
Flushing Ave & Woodward Ave,21,40.71246,-73.91873
34 Ave & 21 St,23,40.7628138,-73.9342862
Bulova Ave & Brooklyn Queens Expressway W,19,40.762507,-73.902534
E 138 St & Park Ave,21,40.81263616769319,-73.92924964427948
Valentine Ave & E 183 St,23,40.856987,-73.898237
Columbus Ave & W 72 St,67,40.7770575,-73.97898475
Van Brunt St & Van Dyke St,24,40.6758329439129,-74.01472628116608
E 31 St & 3 Ave,3,40.74394314,-73.97966069
Ogden Ave & Merriam Ave,19,40.839142,-73.925961
E 95 St & 3 Ave,31,40.7849032,-73.950503
W 84 St & Broadway,63,40.7867947,-73.977112
E 48 St & 5 Ave,62,40.75724567911726,-73.97805914282799
E 165 St & Fox St,27,40.82394,-73.894025
E 88 St & Park Ave,38,40.781410700190015,-73.95595908164978
34 St & 48 Ave,25,40.740821207823245,-73.93147185444832
Grand St & Havemeyer St,31,40.71286844,-73.95698119
E Mosholu Pkwy & Van Cortlandt Ave E,22,40.87656,-73.88366
Pacific St & Classon Ave,21,40.6791944,-73.9587903
Bergen St & Buffalo Ave,21,40.6747,-73.92512
W 4 St & 7 Ave S,60,40.73401143,-74.00293877
Clinton Ave & Flushing Ave,23,40.69794,-73.96986848
Ft. Washington Ave & W 190 St,19,40.856906,-73.935662
Irving Ave & Palmetto St,20,40.698,-73.9127
E 5 St & Avenue C,55,40.72299208,-73.97995466
6 Ave & 60 St,22,40.638196,-74.013821
Washington Ave & Empire Blvd,27,40.66314,-73.9605695
W 74 St & Columbus Ave,3,40.7785669,-73.97754961
St. Ann's Av & Bruckner Blvd,17,40.803399,-73.919763
E 128 St & Madison Ave,23,40.80756,-73.939182
E 65 St & 2 Ave,48,40.76471851944339,-73.96222069859505
South St & Gouverneur Ln,43,40.70355377,-74.00670227
6 Ave & Walker St,39,40.7197920901383,-74.0052238852195
Bedford Park Blvd & Paul Ave,24,40.87444,-73.89186
Banker St & Meserole Ave,31,40.72606,-73.95621
55 Dr & Maurice Ave,19,40.7261,-73.90917
Albany Ave & Winthrop St,19,40.65791,-73.93967
61 St & Borden Ave,21,40.72558,-73.90417
Edgecombe Ave & W 145 St,31,40.823498,-73.94386
W 47 St & 6 Ave,68,40.758397,-73.98255
Union St & 4 Ave,28,40.6772744,-73.98282002
Clinton Ave & Myrtle Ave,33,40.693261,-73.968896
Washington Ave & E 174 St,19,40.843079,-73.900216
Myrtle Ave & 65 St,19,40.70117,-73.8904
Park Pl & Buffalo Ave,20,40.67202,-73.92539
Vesey St & Church St,48,40.71221958009051,-74.01047229766846
Canal St & Rutgers St,45,40.71427487,-73.98990025
E 59 St & Madison Ave,51,40.76350532,-73.97109243
Avenue D & E 12 St,41,40.72580614,-73.97422494
W 148 St & Amsterdam Ave,23,40.827075,-73.945909
Borden Ave & Review Ave,19,40.73866345465306,-73.94093804061413
Crescent St & 35 Ave,25,40.7596276,-73.9321455
W 25 St & 6 Ave,35,40.74395411,-73.99144871
E 84 St & 1 Ave,31,40.77565541,-73.95068615
Fort Washington Ave & W 173 St,24,40.84522,-73.940493
65 St & 2 Ave,21,40.640493,-74.02564
Church Ave & Story St,23,40.642031,-73.981073
39 St & Queens Blvd,21,40.74431,-73.92601
Hazen St & 20 Ave,23,40.772092,-73.895166
Broadway & W 53 St,85,40.76344058,-73.98268129
Goble Pl & Macombs Rd,19,40.844075,-73.917256
Bergen St & Vanderbilt Ave,27,40.6794388,-73.9680438
India St & Manhattan Ave,50,40.73232194,-73.9550858
E 5 St & Cooper Sq,50,40.72769,-73.990993
Franklin Ave & Myrtle Ave,27,40.694546087246025,-73.95801365375519
W 50 St & 9 Ave,30,40.763604677958625,-73.98917958140373
Kent Ave & Division Ave,44,40.706563674670925,-73.9683187007904
19 St & 24 Ave,23,40.7774552,-73.9225403
Ft. Hamilton Pkwy & E 5 St,23,40.649037,-73.97673
Harrison St & Hudson St,39,40.71870987,-74.0090009
Webster Ave & Ford St,23,40.85556,-73.89615
Central Ave & Melrose St,17,40.70112,-73.93039
St Nicholas Ave & W 137 St,21,40.818477,-73.947568
Eastern Pkwy & Troy Ave,24,40.66929,-73.93679
W 52 St & 5 Ave,61,40.75992262,-73.97648516
Kent Ave & Grand St,45,40.716425,-73.96594
Central Ave & Flushing Ave,21,40.702831,-73.9333
Sunken Meadow Comfort Station,25,40.79558,-73.91906
Caton Ave & E 10 St,30,40.648481,-73.97058
39 St & 50 Ave,19,40.73824937345944,-73.92737478017807
Lenox Ave & W 146 St,24,40.821111,-73.935971
E 33 St & 5 Ave,40,40.74765947,-73.98490707
9 St & 44 Rd,34,40.74966,-73.9521
E 171 St & 3 Ave,24,40.837119,-73.902185
Suydam St & St. Nicholas Ave,17,40.70636,-73.91945
Nagle Ave & Ellwood St,21,40.86012,-73.928489
6 St & 7 Ave,21,40.6686627,-73.97988067
Loring Pl North & W 183 St,20,40.8604244,-73.9093359997
Carroll St & 6 Ave,23,40.6740886,-73.9787282
Halsey St & Evergreen Ave,22,40.68858,-73.91227
Bridge St & Water St,47,40.702969341552716,-73.98469090461731
34th Ave & Vernon Blvd,30,40.76535380385866,-73.93986314535141
Amsterdam Ave & W 162 St,27,40.83618,-73.939789
Grand Concourse & E 164 St,22,40.829608,-73.921461
Central Park West & W 72 St,51,40.77579376683666,-73.9762057363987
St Nicholas Ave & Manhattan Ave,31,40.809725,-73.953149
Goulden Ave & Bedford Park Blvd W,19,40.87387,-73.89533
55 St & Northern Blvd,23,40.75326,-73.90585
E 3 St & 1 Ave,59,40.72467721,-73.98783413
21 St & 23 Ave,22,40.778557,-73.919046
31 St & Thomson Ave,47,40.74469738,-73.93540375
Broadway & W 41 St,55,40.75513557,-73.98658032
Marcy Ave & Lafayette Ave,23,40.6900815,-73.947915
4 Ave & E 12 St,39,40.732647,-73.99011
Hanson Pl & Ashland Pl,39,40.68506807308177,-73.97790759801863
8 Ave & W 33 St,96,40.751551,-73.993934
E 68 St & 3 Ave,36,40.76712840349542,-73.96224617958069
Coffey St & Conover St,32,40.677236,-74.015665
E 7 St & Ave B,47,40.7251285241158,-73.98131668567657
8 Ave & W 49 St,65,40.76171227910671,-73.98655101656914
Division St & Bowery,49,40.714193,-73.996732
Steinway St & Ditmars Blvd,21,40.772717,-73.906127
Park Ave & E 162 St,21,40.825716,-73.915585
Smith St & 9 St,23,40.6746957,-73.99785768
Myrtle Ave & Fleet Pl,47,40.693534,-73.981909
Clarkson Ave & E 40 St,0,40.65592,-73.94068
E 39 St & Church Ave,0,40.65137,-73.9409
E 49 St & Church Ave,0,40.65182,-73.93135
Beverley Rd & Flatbush Ave,0,40.64499,-73.95818
Rugby Rd & Beverley Rd,0,40.64435,-73.96591
Albemarle Rd & E 21 St,0,40.64741,-73.95933
E 34 St & Linden Blvd,0,40.65302,-73.94599
Linden Blvd & Utica Ave,0,40.65388,-73.9308
Lott St & Erasmus St,0,40.64949,-73.95408
Freeman St & Southern Blvd,23,40.830051,-73.892103
Pacific St & Thomas S. Boyland St,21,40.67568,-73.91396
Gerard Ave & McClellan St,30,40.833909,-73.92112
Monroe St & Patchen Ave,20,40.68814,-73.92693
Cypress Ave & Palmetto St,25,40.701573408737914,-73.90876293182373
Ogden Ave & W 164 St,19,40.832812,-73.929372
University Ave & Brandt Pl,23,40.848354,-73.918389
Lenox Ave & W 130 St,25,40.8107922,-73.9430681
30 St & 48 Ave,29,40.7413272,-73.937999
Windsor Pl & 8 Ave,20,40.660906,-73.983074
Woodside Ave & 55 St,19,40.74679,-73.90893
E 16 St & 5 Ave,65,40.73726186,-73.99238967
Chauncey St & Malcolm X Blvd,24,40.68044,-73.92842
46 St & 7 Ave,21,40.644743,-74.003754
19 St & 8 Ave,23,40.658489,-73.985543
Amsterdam Ave & W 136 St,21,40.819746,-73.951819
Wyckoff St & 3 Ave,22,40.6827549,-73.98258555
Jerome Ave & Ogden Ave,21,40.829797,-73.931015
Broadway & Madison St,25,40.68822,-73.91966
Forest Ave & Summerfield St,23,40.69922,-73.89795
Weeks Ave & E 175 St,22,40.846879,-73.907342
5 Ave & E 78 St,47,40.77632142182271,-73.96427392959595
Putnam Ave & Wyckoff Ave,24,40.69811,-73.90904
E 14 St & 1 Ave,34,40.73139303364151,-73.98286700248718
Adam Clayton Powell Blvd & W 141 St,24,40.819241,-73.941057
Aqueduct Ave & North St,20,40.8604787,-73.9057169936
Manhattan Ave & Devoe St,24,40.713532,-73.9459867
39 Dr & 52 St,19,40.74732,-73.91197
Broadway & W 25 St,109,40.74286877312112,-73.98918628692627
McKibbin St & Bogart St,30,40.706237,-73.933871
Schenectady Ave & Pacific St,21,40.67686,-73.93327
St Nicholas Ave & W 150 St,26,40.827212,-73.942722
Madison St & Malcolm X Blvd,25,40.68713,-73.93008
58 St & 2 Ave,35,40.644512,-74.021506
7 Ave & W 55 St,67,40.764126,-73.980973
Broadway & Furman Ave,29,40.68139,-73.90756
Palmetto St & Traffic Ave,21,40.70929,-73.89441
Leonard St & Church St,54,40.717571,-74.005549
3 Ave & E 72 St,35,40.7699426,-73.96060712
Louis Nine Blvd & Intervale Ave,19,40.831998,-73.892686
5 St & 51 Ave,21,40.7423737,-73.9566
65 St & Roosevelt Ave,30,40.74589,-73.89915
E 115 St & Lexington Ave,25,40.797911,-73.9423
2 Ave & E 104 St,33,40.7892105,-73.94370784
Macon St & Howard Ave,20,40.68452,-73.92011
Seaman Ave & Beak St,21,40.867505,-73.926363
44 St & 6 Ave,24,40.647105,-74.004483
Ocean Ave & Tennis Ct,23,40.64873,-73.96084
E 48 St & 3 Ave,78,40.7546011026,-73.971878855
Amsterdam Ave & W 183 St,21,40.84925,-73.93022
Vernon Blvd & 10 St,41,40.7671863,-73.9373554
Lenox Ave & W 144 St,22,40.819783,-73.936521
Broadway & Battery Pl,47,40.70463334,-74.01361706
50 Ave & 65 St,19,40.73707,-73.90077
10 Ave & W 202 St,23,40.861281970750994,-73.921417593956
Irving Ave & Jefferson St,19,40.70538,-73.92535
49 St & 25 Ave,25,40.764496,-73.904632
Crotona Park East & E 173 St,19,40.837037,-73.890413
Southern Blvd & E 142 St,23,40.807347437082,-73.90809774398804
Seaman Ave & Isham St,23,40.869898661940454,-73.92076313495636
E 118 St & 3 Ave,31,40.799139,-73.9389152
DeKalb Ave & S Portland Ave,23,40.68981035,-73.97493121
Concord St & Bridge St,19,40.69766564,-73.98476437
Central Park W & W 91 St,48,40.788664991278836,-73.96680057048798
St Marks Ave & Ralph Ave,19,40.67372,-73.92199
Mercer St & Spring St,67,40.72362738,-73.99949601
34 Ave & 31 St,19,40.759604471387945,-73.92714411020279
Lorimer St & Broadway,29,40.70411791,-73.94818595
W 25 St & 9 Ave,68,40.747832605837715,-74.0005722643582
Paul Ave & W 205 St,19,40.87704,-73.88943
Plaza St East & Flatbush Ave,63,40.673134,-73.969106
W 46 St & 11 Ave,25,40.76341379,-73.99667444
E Burnside Ave & Ryer Ave,21,40.850535,-73.901318
University Pl & E 8 St,79,40.73143724085228,-73.99490341544151
Adam Clayton Powell Blvd & W 115 St,22,40.802535,-73.9532423
Clarkson Ave & Utica Ave,20,40.65666,-73.93109
62 St & 34 Ave,22,40.75201,-73.89986
Fresh Pond Rd & Flushing Ave,19,40.72155,-73.90295
31 St & Broadway,35,40.761584,-73.925921
Faile St & Garrison Ave,19,40.820578,-73.888271
33 St & 47 Ave,24,40.74283,-73.9321
W 170 St & University Ave,22,40.84207,-73.926075
Lenox Ave & W 133 St,27,40.81296,-73.941878
3 Ave & Carroll St,27,40.677027,-73.9865
W 56 St & 8 Ave,50,40.765959181657976,-73.98313522338867
Jerome Ave & E 164 St,21,40.831444,-73.926226
Concourse Village West & E 156 St,21,40.823162,-73.923267
Tiebout Ave & E Fordham Road,31,40.861915,-73.894831
E 1 St & Bowery,44,40.72486122254819,-73.99213135242462
Menahan St & Central Ave,25,40.69543,-73.9196
Queens Blvd & 56 St,20,40.74193,-73.90913
Greenwich Ave & 8 Ave,75,40.7390169121,-74.0026376103
Schenectady Ave & Prospect Pl,19,40.67351,-73.93363
E 141 St & St Ann's Ave,19,40.808633,-73.916124
Dock 72 Way & Market St,22,40.69985,-73.97141
Vernon Blvd & 31 Ave,23,40.7692475,-73.9354504
W 180 St & Ft Washington Ave,24,40.849972,-73.938423
Myrtle Ave & Lewis Ave,23,40.69681963,-73.93756926
Hamilton Pl & W 140 St,21,40.822756,-73.951346
Waterloo Pl & Crotona Park East,19,40.839194,-73.888587
Cypress Ave & George St,19,40.69812,-73.90271
William St & Pine St,57,40.70717936,-74.00887308
Wakeman Pl & Ridge Blvd,19,40.639421,-74.026823
Albany Ave & Carroll St,19,40.6667,-73.93972
Wyckoff Av & Jefferson St,27,40.707165,-73.923711
E 8 St & Caton Ave,30,40.648055,-73.972432
11 Ave & W 27 St,45,40.751396,-74.005226
24 Ave & 29 St,45,40.7729,-73.916142
48 St & 37 Ave,29,40.751555,-73.915026
Roosevelt Island Tramway,39,40.757284,-73.9536
30 Ave & 47 St,21,40.761294,-73.909562
Cathedral Pkwy & Broadway,25,40.804213,-73.96699104
W 43 St & 6 Ave,63,40.75527307,-73.98316936
Hunts Point Ave & Bryant Ave,21,40.813991,-73.8855
23 Rd & 31 St,21,40.77336750284339,-73.91382560133934
35 St & 21 Ave,23,40.776745,-73.906558
57 St & Grand Ave,19,40.71921,-73.9124
Central Park West & W 76 St,39,40.77896784,-73.97374737
Washington Pl & 6 Ave,76,40.73224119,-74.00026394
Longfellow Ave & E 165 St,21,40.825322,-73.887729
Morris Ave & McClellan St,22,40.831584,-73.9149
W 45 St & 8 Ave,65,40.75929124,-73.98859651
58 St & 56 Dr,19,40.72419,-73.91244
5 Ave & E 29 St,56,40.7451677,-73.98683077
W 10 St & Washington St,68,40.73342399437081,-74.00851495563984
Wythe Ave & N 13 St,43,40.722767,-73.957021
Wadsworth Ave & W 175 St,24,40.846052,-73.937648
Franklin Ave & E 169 St,19,40.83171,-73.90208
W Tremont Ave & Grand Ave,21,40.850036,-73.912785
W 41 St & 8 Ave,71,40.75640548,-73.9900262
W 11 St & 6 Ave,47,40.73532427,-73.99800419
Southern Blvd & E 172 St,19,40.834124,-73.88955
Ocean Pkwy & Church Ave,25,40.644718957635746,-73.97451460361481
2 Ave & E 96 St,45,40.7839636,-73.9471673
43 Ave & 42 St,24,40.74534682580983,-73.9219419658184
Skillman Ave & 54 St,19,40.745502,-73.909887
27 Ave & 9 St,40,40.7739825,-73.9309134
Boston Rd & E 167 St,21,40.828199,-73.903719
Manhattan Av & Leonard St,18,40.72084,-73.94844
Eldert St & Bushwick Ave,22,40.68652,-73.91321
44 Dr & Jackson Ave,34,40.74718234,-73.9432635
Morgan Ave & Maspeth Ave,25,40.716657,-73.93637
Dock St & Front St,29,40.702709,-73.99253
64 St & Woodbine St,19,40.70809,-73.89549
Wadsworth Ave & W 179 St,35,40.848467,-73.936064
Park Pl & Utica Ave,21,40.67242,-73.93094
N Moore St & Hudson St,66,40.71996118117138,-74.00844320654869
W 42 St & 8 Ave,41,40.7575699,-73.99098507
67 St & Erik Pl,25,40.633385,-74.016562
Broadway & W 133 St,21,40.8190344,-73.956156
58 St & Pier 4,31,40.646475,-74.026081
E 63 St & 3 Ave,57,40.763954,-73.9646
Macon St & Patchen Ave,19,40.68374,-73.9261
2 Ave & E 125 St,30,40.802554,-73.933509
7 Ave & 41 St,25,40.647379,-74.000911
Fulton St & Broadway,49,40.711066,-74.009447
W 90 St & Amsterdam Ave,32,40.79017948095081,-73.97288918495178
University Pl & E 14 St,35,40.734814,-73.992085
Edgecombe Ave & W 141 St,21,40.820681,-73.945144
Franklin St & W Broadway,33,40.71911552,-74.00666661
Sands St & Jay St,48,40.700119,-73.9862
Driggs Ave & Lorimer St,27,40.72179134,-73.9504154
60 St & 60 Rd,19,40.71592232709503,-73.90601366758347
Central Park West & W 85 St,38,40.78476,-73.969862
Jerome Ave & Bedford Park Blvd E,25,40.87307,-73.88971
20 Ave & 48 St,23,40.772899,-73.896849
Valentine Ave & E 181 St,21,40.854123869116,-73.89932222664356
43 Ave & 47 St,33,40.7448062877224,-73.91728967428207
Audubon Ave & W 192 St,21,40.85589030603889,-73.92708241939545
Pacific St & Smith St,47,40.687880939612775,-73.98939281702042
21 St & 43 Ave,27,40.75052534,-73.94594845
38 St & 30 Ave,27,40.764174520197685,-73.91583994030952
11 Ave & Prospect Ave,20,40.65629,-73.977335
W Broadway & Spring St,66,40.72494672359416,-74.00165855884552
Amsterdam Ave & W 125 St,39,40.813358,-73.956461
3 Ave & 17 St,21,40.666168,-73.995549
Broadway & E 21 St,54,40.739888408589955,-73.98958593606949
28 St & 36 Ave,29,40.757186,-73.932719
39 Ave & 45 St,19,40.749478221834764,-73.91826465725897
DeKalb Ave & Hudson Ave,74,40.689888,-73.981013
Walnut Ave & E 136 St,17,40.801657,-73.909513
Eastern Pkwy & Schenectady Ave,24,40.66876,-73.93376
W 44 St & 5 Ave,68,40.75500254,-73.98014437
3 Ave & E 174 St,35,40.84224,-73.8985
Adam Clayton Powell Blvd & W 138 St,23,40.81695971032464,-73.9422959089279
Flushing Ave & Vanderbilt Ave,25,40.697950315695444,-73.97077560424805
Lexington Ave & E 120 St,29,40.8013066,-73.9398167
Frost St & Debevoise Ave,22,40.71882,-73.93948
Garrison Ave & Manida St,30,40.818743,-73.890247
Center Blvd & 51 Ave,23,40.743366080270214,-73.95960688591003
Amsterdam Ave & W 79 St,48,40.7829391,-73.9786517
E 81 St & 3 Ave,47,40.77573034,-73.9567526
E 116 St & 2 Ave,31,40.796879,-73.937261
Scholes St & Lorimer St,27,40.708323,-73.948732
Beck St & Leggett Ave,20,40.815077,-73.899939
65 St & 35 Ave,25,40.75053,-73.8977
W 116 St & Broadway,43,40.8082,-73.9641
Popham Ave & W 174 St,20,40.847746,-73.922079
E 155 St & Courtlandt Ave,19,40.82057,-73.917579
E Mosholu Pkwy & E 204 St,19,40.8740704,-73.8833650931
St Ann's Ave & Westchester Ave,19,40.815887,-73.911918
Gansevoort St & Hudson St,120,40.73937600789778,-74.00520807425661
E 12 St & 3 Ave,70,40.73223272,-73.98889957
Knickerbocker Ave & Thames St,20,40.70539,-73.92976
Wythe Ave & Metropolitan Ave,57,40.716887,-73.963198
Greenwood Ave & E 4 St,21,40.650739,-73.977739
6 Ave & Canal St,73,40.72243797,-74.00566443
Madison St & Clinton St,39,40.71269042,-73.98776323
Thomas S. Boyland St & Fulton St,24,40.67854,-73.91367
E 157 St & River Ave,19,40.825737,-73.927311
43 Ave & 40 St,21,40.74562,-73.92402
E 123 St & Lexington Ave,27,40.8029263,-73.9379
Halsey St & Ralph Ave,20,40.68494,-73.92299
Central Park S & 6 Ave,73,40.76590936,-73.97634151
Pacific St & Rochester Ave,19,40.67639,-73.92748
Andrew Ave N & Hall of Fame Tce,19,40.85834,-73.91008
E 91 St & 2 Ave,73,40.781152764279156,-73.94963040947914
Allen St & Rivington St,42,40.72019576,-73.98997825
9 Ave & W 39 St,36,40.756403523272496,-73.99410143494606
W 40 St & 7 Ave,45,40.754818,-73.988154
Clarkson Ave & E 37 St,22,40.65577,-73.9432
Prospect Park SW & 16 St,33,40.657265,-73.974165
8 Ave & W 52 St,31,40.76370739,-73.9851615
31 Ave & 34 St,23,40.763154,-73.920827
S 5 Pl & S 5 St,43,40.710451,-73.960876
60 Pl & Linden St,21,40.70886,-73.90182
21 Ave & Shore Blvd,21,40.783956,-73.916894
N 5 St & Northside Piers,45,40.719876,-73.963865
Broadway & W 168 St,29,40.84089603193041,-73.93972098827362
Adam Clayton Powell Blvd & W 132 St,23,40.813539,-73.94521
Riverside Blvd & W 67 St,79,40.777507027547976,-73.98888587951659
Putnam Ave & Throop Ave,21,40.6851532,-73.94111
E 27 St & 1 Ave,87,40.739445,-73.976806
W Burnside Ave & University Ave,23,40.853686,-73.912498
34 St & 4 Ave,23,40.655278,-74.003101
Ditmars Blvd & 43 St,27,40.771203,-73.903865
W 49 St & 8 Ave,67,40.76227205,-73.98788205
Ryer Ave & E 182 St,26,40.8558,-73.89956
20 Ave & 21 St,19,40.784003,-73.912297
Grand Concourse & E 197 St,21,40.86945,-73.89148
Prospect Park W & 20 St,25,40.656633,-73.983864
Allen St & Hester St,79,40.71605866,-73.99190759
20 Ave & 31 St,21,40.78001336610564,-73.90667617321014
E 58 St & 1 Ave (NW Corner),50,40.759125,-73.962658
34 St & 5 Ave,19,40.654098,-74.001131
Jackson Ave & 46 Rd,27,40.74524768,-73.94733276
Central Park West & W 68 St,43,40.7734066,-73.97782542
11 St & 43 Ave,28,40.7519071,-73.9479119
5 Ave & E 93 St,43,40.7857851,-73.957481
Keegan Rd & 2 Ave,35,40.64243139706092,-74.0255355834961
53 St & Flushing Ave,19,40.71435,-73.91405
Cedar Ave & W Fordham Rd,24,40.86156,-73.91219
E 81 St & 1 Ave,32,40.77377781072322,-73.95197331905365
16th St & 4th Ave,30,40.666197,-73.992466
E 170 St & Clay Ave,24,40.837213,-73.908345
Chauncey St & Stuyvesant Ave,25,40.68012,-73.93168
Knickerbocker Ave & Hancock St,22,40.69385,-73.90974
Somers St & Rockaway Ave,20,40.67872,-73.91105
E 53 St & Lexington Ave,57,40.75828065,-73.97069431
Bergen St & Smith St,48,40.6867443,-73.99063168
S 4 St & Rodney St,21,40.70934,-73.95608
46 St & Queens Blvd,33,40.74349759836971,-73.91860529780388
Hudson St & Reade St,55,40.71625008,-74.0091059
Calyer St & Guernsey St,20,40.72755807335852,-73.95505852997303
48 Ave & 5 St,79,40.744363287066875,-73.9558732509613
Catherine St & Monroe St,35,40.71117444,-73.99682619
Putnam Ave & Ralph Ave,20,40.68705,-73.92338
Myrtle Ave & Marcy Ave,23,40.69539817,-73.94954908
E 165 St & Clay Ave,19,40.82809,-73.91288
Bleecker St & Forest Ave,19,40.7107,-73.90525
57 St & 4 Ave,22,40.642622,-74.016866
St Marks Pl & 2 Ave,73,40.7284186,-73.98713956
E 11 St & 1 Ave,61,40.72953837,-73.98426726
W 84 St & Columbus Ave,35,40.78499979,-73.97283406
E Tremont Ave & Jerome Ave,20,40.851747,-73.908964
Caton Ave & Bedford Ave,22,40.65237,-73.95623
2 Ave & 39 St,48,40.655722167971554,-74.01000827550888
Hudson St & W 13 St,42,40.74005708567285,-74.0052741765976
E 170 St & Webster Ave,25,40.83617913677475,-73.90730146322765
Goulden Ave & W 197 St,20,40.87156,-73.89714
31 St & Ditmars Blvd,24,40.776168,-73.910485
Old Fulton St,39,40.70277159,-73.99383605
Market St & Henry St,28,40.71310702305908,-73.99446353316307
E 27 St & Park Ave S,69,40.74275179648995,-73.9847157150507
31 Ave & Steinway St,27,40.7611488,-73.9170071
St. Nicholas Terrace & Convent Ave,24,40.821294,-73.947868
Roebling St & N 4 St,25,40.71469,-73.95739
Eliot Ave & 60 Ln,22,40.71391,-73.90299
Greenpoint Ave & West St,35,40.729803,-73.959099
Berkeley Pl & 6 Ave,41,40.6765304,-73.97846879
E 150 St & Gerard Ave,29,40.820089,-73.928947
Lafayette St & E 8 St,105,40.73020660529954,-73.99102628231049
11 Ave & W 59 St,24,40.77149671054441,-73.99046033620834
George St & Wilson Ave,19,40.702997,-73.92997
FDR Drive & E 35 St,123,40.744219,-73.97121214
Leonard St & Nassau Ave,36,40.7239567849954,-73.94984364509583
46 St & 30 Rd,21,40.76072,-73.910989
51 St & 43 Ave,27,40.74451,-73.91412
Broadway & W 185 St,21,40.852538,-73.93441
Myrtle Ave & St Edwards St,56,40.69327018,-73.97703874
E 118 St & Park Ave,27,40.8005385,-73.9419949
Lafayette St & Grand St,78,40.72028,-73.99879
W 18 St & 9 Ave,3,40.7435337324616,-74.00367558002472
Ave A & E 14 St,41,40.73031071000895,-73.98047178983688
50 St & 7 Ave,22,40.642501,-74.006055
E 169 St & Fox St,19,40.827184,-73.893721
20 Ave & 42 St,21,40.775415,-73.900063
Grand Concourse & East Mount Eden Ave,19,40.84301,-73.91172
E 89 St & York Ave,35,40.7779453,-73.946041
E 85 St & 3 Ave,39,40.77801203,-73.95407149
Riverside Dr & W 104 St,58,40.8013434,-73.9711457439
Carroll St & Columbia St,39,40.6830456,-74.00348559
St Johns Pl & Utica Ave,21,40.6705,-73.9308
Little West St & 1 Pl,35,40.70569254,-74.01677685
Lexington Ave & E 29 St,54,40.74311555376486,-73.98215353488922
Howard St & Lafayette St,27,40.71910537,-73.99973337
W 43 St & 10 Ave,117,40.76009437,-73.99461843
10 St & 2 Ave,19,40.671907,-73.993612
Huron St & Franklin St,35,40.73266,-73.95826
48 St & 2 Ave,19,40.650176,-74.015606
Stuyvesant Ave & Hart St,27,40.69465,-73.9343
Park Cir & East Dr,29,40.651566,-73.972212
Riverside Dr & W 145 St,35,40.827305,-73.951989
E 75 St & 3 Ave,41,40.77112927,-73.95772297
E 89 St & 3 Ave,39,40.7806284,-73.9521667
Verona Pl & Fulton St,19,40.6803560840434,-73.9476791024208
Bronx Shore Comfort Station,25,40.80046,-73.92404
Broadway & 49 St,25,40.755389,-73.911517
Eastern Pkwy & Kingston Ave,30,40.66959,-73.94237
Brook Ave & E 138 St,23,40.807408,-73.91924
1 Ave & E 6 St,64,40.72633085971696,-73.98616880178452
49 Ave & 21 St,21,40.74252,-73.948852
Tompkins Ave & Hopkins St,19,40.69957608,-73.94708417
5 Ave & 66 St,20,40.635679,-74.020005
Spring St & Hudson St,43,40.72583996792375,-74.0076532959938
Picnic Point,45,40.68512559515415,-74.02535319328308
Dwight St & Van Dyke St,23,40.67363551341504,-74.01195555925369
Greenpoint Ave & Monitor St,20,40.73224,-73.94383
30 Ave & 12 St,33,40.771717105208275,-73.93159255385399
E 102 St & Park Ave,33,40.7904828,-73.95033068
Suydam St & Knickerbocker Ave,27,40.702013,-73.923769
34 Ave & 45 St,23,40.754795,-73.917014
8 Ave & W 31 St,97,40.7505853470215,-73.9946848154068
48 Ave & 41 St,21,40.73985995699164,-73.92400324344635
E 156 & Brook Ave,19,40.819823,-73.912411
Congress St & Clinton St,44,40.68825516598005,-73.99545192718506
Intervale Ave & Kelly St,20,40.827301,-73.896372
Kingston Ave & Montgomery St,19,40.66481,-73.94269
E 68 St & Madison Ave,58,40.7691572,-73.96703464
Andrews Ave S & W 179 St,20,40.855156,-73.91278
W 18 St & 6 Ave,69,40.73971301,-73.99456405
W 20 St & 10 Ave,49,40.745686,-74.005141
N 10 St & Berry St,47,40.720253,-73.957082
Front St & Gold St,37,40.70224,-73.982578
Clay Ave & E 173 St,19,40.843264,-73.904867
Devoe St & Lorimer St,19,40.71335226222875,-73.9491033554077
Ave D & E 8 St,30,40.72368361,-73.97574813
McDonald Ave & Vanderbilt St,21,40.651654,-73.981231
Pioneer St & Van Brunt St,39,40.679043,-74.011169
W 145 St & Amsterdam Ave,24,40.825244,-73.947257
Fresh Pond Rd & 69 Ave,28,40.70311,-73.89547
Pike St & E Broadway,34,40.71406667,-73.99293911
Washington Square E,64,40.73049393,-73.9957214
Fulton St & Adams St,47,40.692418292578466,-73.98949474096298
Davidson Ave & W Burnside Ave,32,40.853646,-73.908731
Carroll St & Bond St,25,40.6786115,-73.99037292
E 20 St & FDR Dr,75,40.733208626522426,-73.9756813647
Beverley Rd & E 19 St,0,40.64468,-73.96107
Tilden Ave & Nostrand Ave,0,40.64683,-73.94933
Brooklyn Ave & Snyder Ave,0,40.64915,-73.94368
2 Ave & E 99 St,1,40.7862586,-73.94552579
Union Ave & E 169 St,19,40.82995,-73.898802
Prospect Ave & E 167 St,19,40.826303,-73.898751
Paul Ave & Mosholu Pkwy,19,40.8802945,-73.8860653648
Broadway & W 142 St,23,40.824686,-73.951947
3 Ave & E 112 St,23,40.795508,-73.941606
Mt Morris Park W & W 120 St,27,40.804038,-73.945925
E 153 St & E 157 St,19,40.826677,-73.929327
57 St & 43 Ave,20,40.74324,-73.908
Engert Ave & McGuinness Blvd,19,40.72158,-73.94546
Fulton St & Irving Pl,31,40.68186,-73.959432
40 Ave & 9 St,19,40.75742,-73.945133
Monroe St & Bedford Ave,23,40.6851443,-73.95380904
3 Ave & E 100 St,27,40.7877214,-73.94728331
Irving Ave & Harman St,21,40.70108,-73.9179
Lawrence St & Willoughby St,39,40.69236178,-73.98631746
Prospect Pl & Howard Ave,19,40.67261,-73.91977
New York Ave & St Marks Ave,23,40.67514,-73.94716
Academy St & Nagle Ave,20,40.862562,-73.922661
Norman Ave & Leonard St,31,40.725819,-73.950815
Pacific St & Nevins St,18,40.6853761,-73.98302136
31 Ave & 14 St,19,40.7682,-73.9322662
Walton Ave & E 176 St,23,40.84833,-73.90971
Dean St & Hoyt St,77,40.6864442,-73.98759104
E 84 St & Park Ave,45,40.77862688,-73.95772073
Westchester Ave & Jackson Ave,25,40.816124,-73.908116
Union Ave & Jackson St,19,40.7160751,-73.952029
61 St & Laurel Hill Blvd,19,40.7388,-73.90338
Forsyth St & Canal St,29,40.7158155,-73.99422366
Vesey Pl & River Terrace,57,40.7153379,-74.01658354
Park Ave & Marcus Garvey Blvd,23,40.698617,-73.941342
Nelson Ave & W 172 St,20,40.843965,-73.920999
White St & Moore St,21,40.704508,-73.9351
43 St & 23 Ave,23,40.769673,-73.906018
3 Ave & Schermerhorn St,35,40.68683208,-73.9796772
28 St & 41 Ave,27,40.751047,-73.93797
E 53 St & Madison Ave,51,40.7597108,-73.97402311
45 Ave & 21 St,21,40.74737075646803,-73.94777297973631
Lenox Ave & W 111 St,36,40.7987859,-73.9523
36 St & 47 Ave,19,40.742218349960964,-73.92935156822205
Broadway & W 36 St,78,40.75097711,-73.98765428
Frost St & Meeker Ave,38,40.71766197083994,-73.94880026578903
W 78 St & Broadway,39,40.78339981,-73.98093133
E 72 St & Park Ave,43,40.77118287540658,-73.96409422159195
W 27 St & 7 Ave,50,40.746647,-73.993915
E 149 St & Jackson Ave,23,40.813135,-73.909235
35 Ave & 10 St,26,40.76315481910373,-73.93985509872437
43 St & 35 Ave,25,40.754139,-73.919543
Kent Ave & N 7 St,54,40.72036775298455,-73.96165072917938
Broadway & W 155 St,31,40.83299,-73.94592
McGuinness Blvd & Eagle St,42,40.73555,-73.95284
Waterbury St & Stagg St,23,40.71019,-73.93734
Prospect Ave & Longwood Ave,29,40.81899,-73.90202
2 Av & 37 St,31,40.656326,-74.009627
E 103 St & Lexington Ave,35,40.7903051,-73.94755757
33 St & Queens Blvd,24,40.7443653191867,-73.93172398209572
Jerome Ave & W 195 St,32,40.86874,-73.89657
E 169 St & Webster Ave,21,40.834015,-73.908863
E 55 St & 2 Ave,29,40.75797322,-73.96603308
W 50 St & 10 Ave,55,40.764734200065185,-73.99194359779358
St James Pl & Oliver St,48,40.71307916,-73.99851193
Prospect Ave & E 151 St,21,40.814232,-73.903927
Henry St & Grand St,36,40.714211,-73.981095
Metropolitan Ave & 65 Ln,26,40.71225,-73.89111
Centre St & Chambers St,57,40.71273266,-74.0046073
Church St & Worth St,45,40.71688538495366,-74.00650128722191
Pacific St & Troy Ave,20,40.67686,-73.93607
W 218 St & Broadway,27,40.87139,-73.914318
W 76 St & Columbus Ave,59,40.7801839724239,-73.97728532552719
Madison St & Montgomery St,20,40.713126,-73.984844
Nagle Ave & Thayer St,34,40.861382,-73.925591
Anderson Ave & W 164 St,19,40.832057,-73.927421
Albemarle Rd & McDonald Ave,20,40.645074,-73.979681
31 St & Northern Blvd,35,40.75186951421875,-73.93349289894103
Metropolitan Ave & Bedford Ave,55,40.71534825,-73.96024116
6 Ave & Broome St,72,40.72431,-74.00473
Lexington Ave & E 36 St,23,40.747573958954796,-73.9788007736206
Johnson St & Gold St,41,40.69474881,-73.98362464
Newton Rd & 44 St,19,40.7595701,-73.9142678
Maurice Ave & 53 Dr,15,40.73028,-73.90421
Washington Ave & Park Ave,55,40.69610226,-73.96751037
21 St & 36 Ave,19,40.7601853,-73.9362726
White St & Johnson Ave,23,40.707174,-73.93581
31 St & Astoria Blvd,31,40.7699176,-73.9184057
Halsey St & Broadway,20,40.68565,-73.91564
W 44 St & 11 Ave,79,40.762009,-73.996975
W 13 St & 5 Ave,43,40.735445,-73.99431
E 138 St & Grand Concourse,21,40.813224,-73.930605
Grand Concourse & E 171 St,25,40.839549,-73.913004
E 6 St & Avenue D,45,40.72228087,-73.97668709
Brooklyn Ave & Dean St,19,40.67669,-73.94437
Bedford Ave & Montgomery St,27,40.665816,-73.956934
Monroe St & Classon Ave,19,40.6845683,-73.95881081
McKibbin St & Manhattan Ave,23,40.70510918,-73.94407279
Willoughby St & Ashland Pl,31,40.69178,-73.97877
E 41 St & Madison Ave (SE corner),62,40.752049,-73.979635
N 5 St & Wythe Ave,39,40.718389,-73.961501
Grand Ave & 55 St,19,40.71888,-73.91427
Underhill Ave & Pacific St,27,40.6804836,-73.9646795
E 58 St & Madison Ave,66,40.76302594280519,-73.97209525108337
Jackson St & Leonard St,22,40.71638031973561,-73.94821286201477
Lenox Ave & W 140 St,23,40.817245,-73.938787
E 20 St & 2 Ave,84,40.73587678,-73.98205027
Central Ave & Decatur St,24,40.6882,-73.90798
Frederick Douglass Blvd & W 139 St,22,40.81900581806558,-73.94476890563965
E Fordham Rd & Webster Ave,35,40.861748,-73.89105
2 Ave & E 122 St,25,40.8006721,-73.9349
Clinton St & Centre St,21,40.67434,-74.00194698
Carroll St & Smith St,41,40.680611,-73.99475825
Brooklyn Bridge Park - Pier 2,31,40.698458,-73.997178
E 118 St & Madison Ave,29,40.8014866,-73.9442507
Brook Ave & E 157 St,21,40.820713,-73.911759
Gerard Ave & E 165 St,21,40.83173,-73.922394
5 St & 6 Ave,23,40.6704836,-73.98208968
Irving Ave & DeKalb Ave,27,40.7027,-73.92095
Marcus Garvey Blvd & Macon St,19,40.682601,-73.938037
Steinway St & 23 Ave,21,40.7713937,-73.9077436
3 Ave & Wakeman Pl,27,40.638246,-74.024714
Classon Ave & St Marks Ave,27,40.676513,-73.959431
48 St & 50 Ave,21,40.73737,-73.91803
Willis Ave & E 137 St,22,40.808384,-73.923604
Creston Ave & E 178 St,28,40.850885,-73.906469
Icahn Stadium,22,40.79346,-73.92389
Ditmars Blvd & 19 St,27,40.78145,-73.9183302
Goulden Ave & W 205 St,19,40.87812,-73.89192
Bedford Ave & S 9 St,23,40.70853074,-73.96408963
Graham Ave & Grand St,29,40.711863,-73.944024
King St & Varick St,36,40.72789701409023,-74.00536268949507
Cypress Ave & St Felix Ave,21,40.69559,-73.89927
Macombs Pl & W 152 St,33,40.826406,-73.937948
Pleasant Ave & E 116 St,23,40.7949879,-73.9333349
Macon St & Lewis Ave,20,40.68282,-73.93488
Troy Ave & Linden Blvd,22,40.6533,-73.93644
1 Ave & E 44 St,87,40.75001986,-73.96905301
Park Pl & Thomas S. Boyland St,23,40.67154,-73.91433
Albany Ave & Park Pl,20,40.67297,-73.93896
21 Ave & 80 St,19,40.770888,-73.889914
Henry St & Degraw St,23,40.6847514,-73.99917254
Frederick Douglass Blvd & Harlem River Dr,19,40.830702,-73.936371
Hancock St & Stuyvesant Ave,19,40.68454,-73.9322
Linden Blvd & Nostrand Ave,23,40.65272,-73.94994
E 117 St & 1 Ave,24,40.796568260802964,-73.93459528684616
Lewis Ave & Kosciuszko St,24,40.69237074,-73.93705428
E 156 St & Courtlandt Ave,23,40.82123860172,-73.9173299074173
Southpoint Park,36,40.75370225419114,-73.95865201950072
50 St & 30 Ave,23,40.760083,-73.907107
Monitor St & Meeker Ave,21,40.721226,-73.941845
W 120 St & Claremont Ave,39,40.8109494,-73.9634
Greenwich St & Hubert St,35,40.721319,-74.010065
Ave A & E 11 St,47,40.72854745023944,-73.98175925016403
24 St & 41 Ave,19,40.752474,-73.939991
27 Ave & 3 St,19,40.77485,-73.9342
Bank St & Hudson St,27,40.73652889,-74.00618026
Henry St & W 9 St,19,40.6763744,-74.00324957
34 Ave & 38 St,33,40.756913,-73.921631
Harman St & Seneca Ave,19,40.70577,-73.91292
8 Ave & W 38 St,65,40.75461,-73.99177
Creston Ave & E 181 St,23,40.8549,-73.90281
20 Ave & Shore Blvd,19,40.785994,-73.915098
Broadway & W 56 St,117,40.7652654,-73.98192338
41 St & 4 Ave,23,40.651354,-74.007168
Boone Ave & E 172 St,19,40.832649,-73.885272
24 Ave & 26 St,19,40.774591,-73.918544
W 52 St & 6 Ave,59,40.76132983124814,-73.97982001304626
Prospect Ave & Greenwood Ave,23,40.651745,-73.975988
47 Ave & 48 St,20,40.74086,-73.91708
Broadway & W 160 St,22,40.835775,-73.9434
Gerard Ave & E 164 St,19,40.830262,-73.923391
Kingston Ave & Park Pl,21,40.67308,-73.94191
62 St & Northern Blvd,27,40.754176,-73.900318
W 95 St & Broadway,32,40.7937704,-73.971888
30 Ave & 41 St,23,40.763422,-73.914142
Leonard St & Maujer St,24,40.7103685423523,-73.94705951213837
E 21 St & Church Ave,25,40.65007,-73.96001
Fulton St & William St,43,40.70960089363537,-74.00655090808868
Pearl St & York St,54,40.70140463410644,-73.98768022656441
Morris Ave & E Burnside Ave,21,40.85322,-73.90546
5 Ave & 41 St,30,40.649983,-74.005144
Albany St & Greenwich St,46,40.709267,-74.013247
Featherbed Ln & Jerome Ave,21,40.845505,-73.914311
36 Ave & 31 St,27,40.75651272984955,-73.92957486212252
6 Ave & 12 St,29,40.6663181,-73.9854617
E 141 St & Jackson Ave,19,40.806896,-73.911837
Edgecombe Ave & W 150 St,20,40.826881,-73.941427
Marion Ave & Mosholu Pkwy,21,40.8704956,-73.8818756582
N 6 St & Bedford Ave,28,40.71745169,-73.95850939
LaGuardia Pl & W 3 St,51,40.72917025,-73.99810231
Crescent St & 30 Ave,18,40.768692,-73.9249574
Plaza St West & Flatbush Ave,33,40.6750207,-73.97111473
St Nicholas Ave & W 134 St,27,40.816234,-73.948222
23 St & 3 Ave,24,40.662611,-73.998623
Decatur St & Saratoga Ave,21,40.68332,-73.91711
Nassau St & Navy St,58,40.69839895,-73.98068914
N 12 St & Bedford Ave,47,40.72079821,-73.95484712
Congress St & Hicks St,35,40.6893952,-73.9995126
E 17 St & 2 Ave,47,40.73431166276575,-73.98372530937195
Jerome Ave & W 177 St,29,40.850121,-73.910765
Bedford Ave & Fenimore St,20,40.65815,-73.95674
Pacific St & Ralph Ave,19,40.67607,-73.92171
14 St & 5 Ave,21,40.666287,-73.98895053
5 Ave & W 126 St,27,40.80722,-73.9418
Prospect Pl & 6 Ave,25,40.6793307,-73.97519523
Grand Concourse & E 175 St,24,40.84627592921954,-73.90931278467178
Putnam Ave & Nostrand Ave,19,40.68402,-73.94977
Willoughby Ave & Wyckoff Ave,23,40.705614,-73.92153
Suydam St & Broadway,32,40.69544,-73.93223
Margaret Corbin Plz & Ft Washington Ave,25,40.859166,-73.933872
E 135 St & St Ann's Ave,23,40.805089,-73.918889
31 Ave & 30 St,21,40.7647,-73.9240312
Hancock St & Wyckoff Ave,19,40.6972,-73.90674
Caton Ave & Argyle Rd,21,40.649681,-73.967829
Avenue D & E 10 St,30,40.72506551015475,-73.97515833377838
53 St & 5 Ave,30,40.643371,-74.011884
3 Ave & Franklin Ave,19,40.82696,-73.907451
Onderdonk Ave & Dekalb Ave,17,40.70863,-73.91497
S 4 St & Wythe Ave,25,40.71285887,-73.96590294
Inwood Ave & W 170 St,21,40.840536,-73.919228
18 St & 27 Ave,23,40.772768286288304,-73.92743647098541
Lincoln Pl & Classon Ave,28,40.6721683,-73.9609
Park Pl & Church St,54,40.71334184275907,-74.00935515761375
E 134 St & Walnut Ave,16,40.800425,-73.911034
Schenectady Ave & President St,22,40.66732,-73.93398
W 144 St & Adam Clayton Powell Blvd,24,40.820877,-73.939249
W 110 St & Amsterdam Ave,45,40.802692,-73.96295
Columbus Ave & W 95 St,39,40.7919557,-73.968087
Edgecombe Ave & W 167 St,23,40.838191,-73.936085
72 St & Woodside Ave,19,40.74288,-73.89283
W 56 St & 6 Ave,54,40.76340613,-73.97722479
Grand Concourse & E Mosholu Pkwy S,21,40.877964,-73.8847550291
E 167 St & Bryant Ave,20,40.826706,-73.888719
21 St & 4 Ave,21,40.662584,-73.995554
Division Ave & Hooper St,61,40.70684203101325,-73.9544353965357
Lewis Ave & Madison St,23,40.686312,-73.935775
Madison Av & E 51 St,43,40.75863,-73.97513
New York Ave & Montgomery St,20,40.66509,-73.94824
Bedford Ave & Bergen St,24,40.676368,-73.952918
Graham Ave & Herbert St,26,40.71929301,-73.94500379
Lenox Ave & W 117 St,31,40.8025566,-73.9490782
4 Ave & 3 St,39,40.673746,-73.985649
Cabrini Blvd & W 177 St,24,40.848282,-73.941343
E 102 St & 1 Ave,25,40.7869946,-73.94164802
Bedford Ave & Clarkson Ave,20,40.65519,-73.9564
Bainbridge Ave & E 198 St,23,40.8684871,-73.8884559781
Adelphi St & Myrtle Ave,28,40.69308257,-73.97178913
Melrose St & Broadway,20,40.697481,-73.935877
E 10 St & Avenue A,107,40.72740794,-73.98142006
Sharon St & Olive St,24,40.715341620424475,-73.93865078687668
39 Ave & 56 St,18,40.74838,-73.90699
W 24 St & 7 Ave,79,40.74487634,-73.99529885
Crescent St & Broadway,19,40.7633589,-73.9286471
E 17 St & Broadway,66,40.73704984,-73.99009296
Henry St & Remsen St,24,40.69400964865994,-73.99465128779411
Onderdonk Ave & Gates Ave,19,40.70413,-73.90737
Bedford Ave & Maple St,23,40.66035,-73.95679
Crotona Park North & Prospect Ave,19,40.841092,-73.892317
Windsor Pl & Howard Pl,24,40.659490558938955,-73.98013919591904
Richards St & Delavan St,19,40.6794327,-74.00785041
MacDougal St & Prince St,56,40.72710258,-74.00297088
1 Ave & E 18 St,54,40.733812191966315,-73.98054420948029
Greene Ave & Throop Ave,19,40.6894932,-73.942061
7 Ave & 17 St,21,40.660937794931684,-73.98680448532104
Centre St & Worth St,82,40.71494807,-74.00234482
E 174 St & Longfellow Ave,20,40.836274,-73.884308
E 25 St & 1 Ave,35,40.7381765,-73.97738662
Kenmare St & Elizabeth St,37,40.72054,-73.9949
W 37 St & Broadway,56,40.75227093837409,-73.98770570755005
Woodside Ave & 60 St,21,40.74521,-73.90462
Seneca Ave & Decatur St,20,40.69723,-73.89811
W 87 St & Amsterdam Ave,43,40.78839,-73.9747
Cadman Plaza E & Red Cross Pl,39,40.69991755,-73.98971773
W 64 St & Thelonious Monk Circle,43,40.77515953434235,-73.98918695747852
W 51 St & Rockefeller Plaza,35,40.75973805251143,-73.97811613976955
Clinton St & Joralemon St,50,40.69239502,-73.99337909
Lafayette St & Jersey St,60,40.72456089,-73.99565293
E 106 St & 1 Ave,26,40.7892529,-73.93956237
West End Ave & W 60 St,39,40.77237,-73.99005
W 176 St & Montgomery Ave,19,40.849629,-73.919205
Central Ave & Covert St,30,40.68929,-73.90951
Ave C & E 16 St,32,40.72984830346529,-73.97455215454102
44 St & 48 Ave,24,40.73941387498411,-73.92131969332695
Schermerhorn St & Hoyt St,40,40.6886263,-73.9851911
West Drive & Prospect Park West,29,40.6610633719006,-73.97945255041122
Greenpoint Ave & 47 St,25,40.7424,-73.91808
River Ave & E 151 St,27,40.822217,-73.928939
Anthony Ave & E Tremont Ave,20,40.848793,-73.903178
Harrison Pl & Porter Ave,20,40.70686,-73.92851
29 St & 5 Ave,19,40.656986,-73.998194
6 Ave & W 34 St,67,40.74964,-73.98805
Malcolm X Blvd & DeKalb Ave,20,40.6938,-73.93114
Orchard St & Grand St,31,40.717318403855785,-73.99067759513855
Jefferson Ave & Evergreen Ave,17,40.68989,-73.91458
Smith St & 3 St,25,40.6787242,-73.99599099
Walton Ave & E 171 St,19,40.840683,-73.915073
Cliff St & Fulton St,65,40.70838,-74.00495
Delancey St & Eldridge St,31,40.719383,-73.991479
7 Ave & 20 St,20,40.659053,-73.98854
Adam Clayton Powell Blvd & W 123 St,31,40.8078316,-73.949373
Rutgers St & Henry St,40,40.71332151208186,-73.99009689688683
Queens Plaza North & Crescent St,40,40.75110165,-73.94073717
Grand Ave & Remsen Pl,21,40.72353,-73.89967
Rockaway Ave & Bainbridge St,25,40.68319988172761,-73.91166642308235
W 54 St & 11 Ave,59,40.768333,-73.992573
E 16 St & Irving Pl,79,40.735367055605394,-73.98797392845154
57 St & Woodside Ave,19,40.74578861252213,-73.9072778339874
W 16 St & The High Line,60,40.74334935,-74.00681753
Dean St & Franklin Ave,21,40.67759206937376,-73.955637216568
E 51 St & 2 Ave,41,40.755293,-73.967641
Ditmars Blvd & 73 St,19,40.76817,-73.896293
E 74 St & 1 Ave,79,40.7689738,-73.95482273
Columbus Ave & W 103 St,40,40.7969347,-73.9643412291
Butler St & Court St,35,40.6849894,-73.99440329
21 St & 21 Ave,21,40.782465,-73.914527
8 Ave & W 16 St,36,40.740983,-74.001702
Lefferts Pl & Franklin Ave,25,40.680342423,-73.9557689392
Mercer St & Bleecker St,67,40.72706363348306,-73.99662137031554
Ft. Hamilton Pkwy & E 2 St,19,40.648005,-73.979342
43 St & Broadway,25,40.7577284,-73.9166368
W 100 St & Manhattan Ave,39,40.795,-73.9645
Van Dam St & Greenpoint Ave,19,40.73443564069459,-73.93790781497955
Broadway & Hancock St,35,40.68663,-73.9168
48 St & Skillman Ave,22,40.74622874694195,-73.91616314649582
38 Ave & 29 St,19,40.75473,-73.93367
Clermont Ave & Lafayette Ave,51,40.68764484,-73.96968902
E 138 St & Cypress Ave,23,40.805559,-73.914718
E 161 St & River Ave,38,40.827883,-73.927111
Sterling Pl & Bedford Ave,25,40.672695,-73.954131
E 72 St & York Ave,37,40.76663814,-73.95348296
Cleveland Pl & Spring St,33,40.722103786686034,-73.99724900722504
Boerum St & Broadway,19,40.70538077,-73.94976519
11 Ave & W 41 St,55,40.76030096,-73.99884222
9 Ave & W 22 St,61,40.7454973,-74.00197139
Grand Concourse & E 205 St,19,40.875531,-73.8863864831
Bainbridge Ave & E 196 St,20,40.86648,-73.89042
61 St & 60 Ln,3,40.70055,-73.8943
W 37 St & 5 Ave,60,40.75038009,-73.98338988
Murray St & Greenwich St,49,40.714851505262516,-74.01122331619263
Union Ave & N 12 St,39,40.71924,-73.95242
Laight St & Hudson St,87,40.72185379,-74.00771779
36 St & Hunters Point Ave,21,40.73781699881193,-73.93024072051048
Stanton St & Chrystie St,47,40.72229346,-73.99147535
Amsterdam Ave & W 152 St,20,40.829523,-73.944279
Westchester Ave & Southern Blvd,21,40.824956,-73.891677
48 St & 5 Ave,27,40.646351,-74.009271
Greene St & Prince St,45,40.72511734422387,-73.99930492043495
Fulton Ave & E 172 St,19,40.839229,-73.899047
Fulton Ave & E 168 St,21,40.830471,-73.904556
S 3 St & Bedford Ave,25,40.71260486,-73.96264403
Lincoln Rd & Ocean Ave,23,40.6605,-73.9626
Center Blvd & 48 Ave,27,40.745038,-73.957539
W 56 St & 10 Ave,43,40.768254,-73.988639
W 42 St & Dyer Ave,33,40.75898481399634,-73.99379968643188
Degraw St & 3 Ave,35,40.67977,-73.9847
S Portland Ave & Hanson Pl,27,40.68539567,-73.97431458
Schenectady Ave & Maple St,19,40.66178,-73.93445
Frederick Douglass Blvd & W 115 St,33,40.8038654,-73.9559308
Broadway & W 58 St,79,40.76695317,-73.98169333
W 129 St & Convent Ave,30,40.814394437915816,-73.95324736833572
Grand Army Plaza & Central Park S,96,40.7643971,-73.97371465
10 Ave & W 215 St,21,40.86932465640094,-73.91519755125046
58 St & 32 Ave,19,40.75574,-73.903427
Gansevoort St & Hudson St,39,40.739448201304036,-74.00507032871246
Rugby Rd & Albemarle Rd,0,40.64672,-73.96637
E 34 St & Church Ave,0,40.65116,-73.94577
Cortelyou Rd & Stratford Rd,0,40.63966,-73.96807
Brooklyn Ave & Tilden Ave,0,40.64725,-73.94352
Tilden Ave & Lott St,0,40.64661,-73.95401
E 56 St & 3 Ave,79,40.75934501,-73.96759673
69 St & 43 Ave,19,40.74179,-73.89564
Brooklyn Ave & Prospect Pl,25,40.67412,-73.94447
Fulton St & Waverly Ave,32,40.683238654603414,-73.96599590778351
8 Ave & W 27 St,33,40.747968,-73.996637
New York Ave & Hawthorne St,20,40.65794,-73.94735
57 St & 37 Ave,22,40.75048,-73.90513
65 Pl & Woodside Ave,19,40.74334,-73.89903
E 11 St & Avenue B,66,40.72746420692392,-73.97950418293476
S 2 St & Kent Ave,47,40.714731,-73.966612
Mott St & Prince St,39,40.72317958,-73.99480012
Macombs Rd & Featherbed Ln,19,40.84552,-73.91722
7 Ave & Park Pl,25,40.6776147,-73.97324283
Moffat St & Bushwick,18,40.68458,-73.90925
E 163 St & Union Ave,24,40.822545,-73.901824
7 St & 3 Ave,24,40.67260298150126,-73.98983001708984
Watts St & Greenwich St,35,40.72405549,-74.00965965
Charlotte St & Boston Rd,19,40.8358771,-73.8931428
Grove St & Fresh Pond Rd,19,40.71032,-73.89955
University Ave & W Burnside Ave,24,40.85501,-73.910751
Great Jones St,23,40.72743423,-73.99379025
W 89 St & Columbus Ave,47,40.7882213,-73.97041561
Madison Ave & E 82 St,34,40.7781314,-73.96069399
Brook Ave & E 148 St,20,40.814383,-73.915368
Carroll St & Washington Ave,27,40.6686744,-73.9618148
W 54 St & 6 Ave,63,40.761865,-73.977242
Clermont Ave & Park Ave,19,40.69573398,-73.97129668
50 St & Northern Blvd,27,40.753441,-73.912402
31 St & Newtown Ave,37,40.7675487799971,-73.9209334552288
Metropolitan Ave & Vandervoort Ave,24,40.71429,-73.93323
Bushwick Ave & Powers St,32,40.71247661,-73.94100005
President St & Henry St,25,40.6828003,-73.99990419
Lafayette Ave & Classon Ave,27,40.68900443,-73.96023854
52 St & 1 Ave,22,40.649292,-74.020105
Forsyth St & Broome St,66,40.71893904,-73.99266288
Eastern Pkwy & Rochester Ave,24,40.66846,-73.9282
Amsterdam Ave & W 167 St,23,40.839443,-73.937044
Park Ave & St Edwards St,53,40.69608941,-73.97803415
Steinway St & 21 Ave,21,40.774798,-73.903787
Nelson Ave & 167 St,21,40.83670566862804,-73.92608866095543
Bergen St & 4 Ave,34,40.68256425759694,-73.9798977971077
E 32 St & Park Ave,55,40.7457121,-73.98194829
Columbia St & Rivington St,42,40.71739973,-73.98016555
Henry St & Atlantic Ave,23,40.69089272,-73.99612349
2 Ave & E 29 St,57,40.741723510974715,-73.97809267044067
Amsterdam Ave & W 66 St,21,40.7746671,-73.98470567
Cadman Plaza E & Tillary St,52,40.69597683,-73.99014892
Hancock St & Bedford Ave,27,40.68216564,-73.95399026
E 161 St & Park Ave,21,40.824811,-73.916407
E 5 St & Ave A,48,40.72479007746337,-73.98430064320564
Jay St & York St,39,40.701403172577244,-73.98672670125961
Southern Blvd & E 175 St,19,40.839335,-73.886445
River Ave & McClellan St,21,40.83406,-73.92243
Graham Ave & Conselyea St,30,40.715143,-73.944507
Empire Blvd & New York Ave,23,40.66403,-73.94769
Scholes St & Manhattan Ave,36,40.70870368,-73.9448625
Douglass St & 3 Ave,35,40.6802133,-73.98432695
Beaver St & Fayette St,30,40.70099,-73.93921
E 25 St & 2 Ave,79,40.73912601,-73.97973776
E 60 St & York Ave,33,40.759107,-73.959223
Broadway & E 14 St,114,40.73454567,-73.99074142
Front St & Jay St,24,40.702461,-73.986842
Jerome Ave & E 181 St,19,40.855653,-73.905528
Lexington Ave & E 128 St,24,40.806414,-73.936085
Pearl St & Hanover Square,68,40.7047177,-74.00926027
6 Ave & W 33 St,78,40.74901271,-73.98848395
Broadway & Whipple St,27,40.7016657,-73.9437303
W 27 St & 6 Ave,66,40.74526,-73.99062
W 52 St & 11 Ave,55,40.76727216,-73.99392888
Shore Blvd & Astoria Park,33,40.77977,-73.923162
W 55 St & 6 Ave,77,40.763189,-73.978434
Fort Washington Ave & W 183 St,30,40.852252,-73.937854
W 63 St & Broadway,31,40.77163851,-73.98261428
Garfield Pl & 8 Ave,25,40.6711978,-73.97484126
Prospect Park SW & Vanderbilt St,37,40.65482,-73.973217
Lispenard St & Broadway,79,40.71939226,-74.00247214
5 St & Market St,39,40.699997484388504,-73.97440128028393
Grand St & Samuel Dickstein Plaza,81,40.715118719964956,-73.98417055606842
President St & 4 Ave,31,40.676757,-73.983262
Pierrepont St & Monroe Pl,24,40.69535693320225,-73.99344027042389
7 Ave & Central Park South,81,40.7667405590595,-73.9790689945221
Jerome Ave & W 193 St,18,40.86659,-73.89794
Broadway & Kent Ave,35,40.710888,-73.968329
W 70 St & Amsterdam Ave,43,40.77748046,-73.98288594
Knickerbocker Ave & Moffat St,24,40.690434,-73.903737
Menahan St & Wyckoff Ave,20,40.70113,-73.91422
5 Ave & E 103 St,39,40.7922553,-73.95249933
Central Ave & Weirfield St,21,40.69055,-73.91181
Parkside Ave & Ocean Ave,31,40.65485,-73.96217
Concourse Village East & E 158 St,31,40.823732,-73.919379
W 204 St & Nagle Ave,20,40.863211,-73.920827
45 Rd & 11 St,23,40.74708586,-73.94977234
Amsterdam Ave & W 189 St,21,40.85318758861975,-73.92715752124786
Amsterdam Ave & W 73 St,55,40.77966809007312,-73.98093044757842
43 St & 37 Ave,21,40.750181,-73.919998
31 St & 23 Ave,27,40.7747878,-73.9125551
Townsend Ave & E 175 St,19,40.84741,-73.911359
Henry St & Middagh St,37,40.7003,-73.991581
Greenwich St & Rector St,41,40.70806582380646,-74.0135595202446
2 Ave & E 31 St,57,40.74290902,-73.97706058
E 128 St & 3 Ave,19,40.805631,-73.934077
Van Buren St & Broadway,24,40.692,-73.92617
46 Ave & 5 St,43,40.74731,-73.95451
60 St & 37 Ave,19,40.74958,-73.90256
Skillman Ave & 43 Ave,19,40.74653761978055,-73.93215849995613
W 47 St & 10 Ave,39,40.76269882,-73.99301222
60 Pl & Flushing Ave,19,40.71988,-73.90556
Hudson Blvd W & W 36 St,47,40.75676475086503,-73.99971440439913
3 Ave & E 172 St,19,40.839586,-73.900277
Tyler Ave & Maurice Ave,19,40.73394,-73.90128
W 155 St & Frederick Douglass Blvd,31,40.82923,-73.936996
60 Pl & 67 Ave,15,40.70497,-73.89965
Eagle St & Manhattan Ave,35,40.735217,-73.954926
E 88 St & 1 Ave,39,40.778301,-73.9488134
St Johns Pl & Washington Ave,30,40.6737236,-73.9631611
E 167 St & Franklin Ave,20,40.82895,-73.90521
23 St & 31 Ave,19,40.76663971723091,-73.9286595582962
State St & Smith St,66,40.68917,-73.9886
Winthrop St & Nostrand Ave,24,40.65707,-73.95005
Page Pl & Grand Ave,21,40.71798,-73.91818
Brevoort Pl & Bedford Ave,24,40.68012,-73.95362
Murray St & West St,61,40.71503,-74.01246
Sterling Pl & 5 Ave,27,40.678970070475735,-73.97855266928671
N 15 St & Wythe Ave,54,40.724055,-73.955736
57 Rd & 59 St,19,40.72249,-73.90854
W 104 St & Amsterdam Ave,47,40.799041392882984,-73.96649479866028
Summerfield St & Cypress Ave,19,40.69662,-73.90056
Grand St & Greene St,43,40.72170005235607,-74.00238141417502
W 204 St & Vermilyea Ave,22,40.866141,-73.922648
Audubon Ave & Fort George Ave,23,40.85715781391904,-73.92717361450195
E 58 St & 3 Ave,49,40.76095756,-73.96724467
Crescent St & 34 Ave,27,40.76108,-73.930562
Grand Ave & W 181 St,19,40.856302,-73.907302
Myrtle Ave & Linden St,25,40.69943,-73.91337
Flatbush Ave & Ocean Ave,41,40.663657,-73.963014
W 30 St & 10 Ave,56,40.752694,-74.002353
5 Ave & E 63 St,51,40.766368,-73.971518
Columbia St & Kane St,20,40.68763155,-74.0016256
Grand Concourse & E 144 St,23,40.816576,-73.927987
Bushwick Ave & McKibbin St,21,40.705517,-73.93936
W 146 St & Broadway,30,40.826969,-73.949738
Rogers Ave & Lenox Rd,23,40.65378,-73.95273
Prospect Ave & Jennings St,20,40.831762,-73.896853
Grand Army Plaza & Plaza St West,39,40.6729679,-73.97087984
Lincoln Pl & Nostrand Ave,25,40.67077,-73.9507
Monroe St & Marcus Garvey Blvd,20,40.686722,-73.938988
51 St & Queens Blvd,20,40.7429,-73.91395
Amory Ct & Metropolitan Ave,21,40.71301,-73.90968
St. Nicholas Ave & W 155 St,23,40.830663,-73.941323
47 Ave & 31 St,27,40.743,-73.93561
Commerce St & Van Brunt St,19,40.6812117,-74.00860912
6 Ave & 55 St,19,40.640831,-74.010996
Chauncey St & Howard Ave,21,40.68158,-73.91959
Broadway & 51 St,27,40.754164,-73.908906
Grand Concourse & E 167 St,30,40.834263,-73.917641
Bergen Ave & E 152 St,21,40.817166,-73.914737
Aqueduct Ave & W 190 St,19,40.8649213,-73.9024238
W 20 St & 7 Ave,44,40.74238787,-73.99726235
Willoughby Ave & Walworth St,19,40.69331716,-73.95381995
W 218 St & Indian Rd,21,40.873054589370895,-73.91837194561958
43 St & 50 Ave,19,40.73787237950538,-73.92264068126678
Monroe St & Tompkins Ave,19,40.686203,-73.944694
W Tremont Ave & Matthewson Rd,19,40.853827,-73.920765
St Marks Pl & 4 Ave,27,40.68177810928762,-73.97988975048065
E Houston St & Columbia St,35,40.71978635452822,-73.97871628403664
Willoughby Ave & Hall St,51,40.69196035,-73.96536851
Ralph Ave & Fulton St,25,40.67922,-73.92192
E 39 St & Lexington Ave,63,40.749498546025194,-73.97729203113158
Soissons Landing,29,40.69231660719192,-74.01486575603485
24 St & 5 Ave,19,40.659555,-73.995068
Bergen St & Flatbush Ave,33,40.680944723477296,-73.97567331790923
6 Ave & W 45 St,67,40.756951,-73.982631
Willoughby St & Fleet St,62,40.69196566,-73.9813018
3 Ave & 14 St,25,40.6685455,-73.99333264
Motorgate,36,40.7639089,-73.9477213
39 Ave & 54 St,19,40.74891,-73.90899
W 30 St & 8 Ave,66,40.74965268472847,-73.9952078461647
E 40 St & 5 Ave,93,40.752062307,-73.9816324043
Myrtle Ave & Grove St,23,40.69905,-73.91516
Union St & Bedford Ave,24,40.6691783,-73.9554162
W Fordham Rd & Loring Pl N,25,40.86295,-73.90741
Stockholm St & Wilson Ave,23,40.699304,-73.923044
Bushwick Ave & Harman St,25,40.69356,-73.92524
Frederick Douglass Blvd & W 129 St,27,40.8125511,-73.9492286
Sherman Ave & E 166 St,19,40.83130549267296,-73.91744792461395
Lexington Ave & E 111 St,29,40.7954121,-73.9441232
W 225 St & Exterior St,19,40.873265,-73.906646
John St & William St,43,40.70862144,-74.00722156
Central Ave & Woodbine St,18,40.69296,-73.91605
1 Ave & E 68 St,62,40.76500525,-73.95818491
Riverside Dr & W 91 St,59,40.79313480986663,-73.97700369358063
Decatur Ave & E 197 St,19,40.86557,-73.88807
St. Nicholas Ave & W 126 St,34,40.8114323,-73.9518776
5 Av & W 139 St,20,40.815484,-73.935856
Lincoln Ave & E 134 St,17,40.808484,-73.928803
E 167 St & Clay Ave,30,40.83094,-73.91125
Parade Pl & Crooke Ave,30,40.651847,-73.965248
E 91 St & Park Ave,35,40.7835016,-73.955327
Audobon Ave & W 179 St,23,40.847305,-73.933291
Driggs Ave & N Henry St,52,40.72325,-73.94308
Gramercy Park N & Gramercy Park E,47,40.73795,-73.98509
Bridge St & York St,54,40.70133448066992,-73.98471236228943
35 St & 34 Ave,25,40.7580583,-73.9242751
E 149 St & Park Ave,27,40.818154,-73.925294
51 St & Hobart St,23,40.75767234025041,-73.90769943594933
24 St & 38 Ave,19,40.756351,-73.936515
W 106 St & Amsterdam Ave,35,40.8008363,-73.9664492472
E 142 St & 3 Ave,19,40.812735,-73.923697
Bainbridge Ave & Bedford Park Blvd,19,40.87002,-73.88565
Berkeley Pl & 7 Ave,29,40.675146838709786,-73.97523209452629
Suffolk St & Stanton St,79,40.72066442,-73.98517977
E 47 St & 2 Ave,102,40.75323098,-73.97032517
Clarkson Ave & Troy Ave,23,40.65633,-73.93648
Riverside Dr & Broadway,24,40.865364,-73.92791
E 81 St & York Ave,47,40.7728384,-73.94989233
Buchanan Pl & Grand Ave,21,40.85834,-73.90626
67 Ave & Fresh Pond Rd,30,40.70575,-73.89676
Carmine St & 6 Ave,63,40.73038599,-74.00214988
Driggs Ave & N 9 St,51,40.71816969454208,-73.95520135760307
Lexington Ave & Classon Ave,19,40.68676793,-73.95928168
South St & Pike St,35,40.70991806921533,-73.99161100387573
Buffalo Ave & St Johns Pl,21,40.67015,-73.92538
W 42 St & 6 Ave,31,40.75492,-73.98455
Bushwick Ave & Furman Ave,30,40.68281,-73.90623
Church Ave & McDonald Ave,29,40.642809,-73.979239
Adam Clayton Powell Blvd & W 118 St,27,40.804372,-73.951475
Emerson Pl & Myrtle Ave,63,40.69363137,-73.96223558
5 Ave & E 72 St,31,40.77282817,-73.96685276
E 7 St & Ave C,38,40.72412944090093,-73.97901266813278
Flatbush Ave & Eastern Pkwy,30,40.668757,-73.966438
4 Ave & 17 St,23,40.665507,-73.993037
Hancock St & Malcolm X Blvd,19,40.68487,-73.9293
Lexington Ave & E 26 St,80,40.741459,-73.983293
42 Pl & Northern Blvd,25,40.753091,-73.920603
Bergen St & Mother Gaston Blvd,24,40.67374,-73.90852
Van Sinderen Ave & Atlantic Ave,22,40.67621,-73.90351
E 77 St & 3 Ave,46,40.77314236,-73.95856158
Humboldt St & Varet St,42,40.7031724,-73.940636
31 Pl & Hunters Point Ave,19,40.74021356884924,-73.93537044525146
W 168th S & Fort Washington Ave,48,40.84210236102173,-73.9422395825386
Carroll St & Franklin Ave,19,40.6679411,-73.9588
21 St & 38 Ave,19,40.7576314,-73.9391224
7 Ave & 22 St,25,40.658029,-73.989605
Pioneer St & Richards St,23,40.6777748,-74.0094613
W 35 St & 9 Ave,32,40.75414519263519,-73.9960889518261
Botanical Sq & Webster Ave,32,40.86814,-73.88145
25 Ave & 41 St,23,40.767666,-73.910963
Lewis Ave & Fulton St,20,40.67972,-73.93467
Lenox Ave & W 115 St,31,40.8011939,-73.9500739
Plaza Dr & W 170 St,30,40.840484,-73.917946
Bay St & Court St,26,40.671409,-74.001328
34 St & 38 Ave,25,40.752443,-73.929737
Duffield St & Willoughby St,48,40.69221589,-73.9842844
76 St & 21 Ave,21,40.77028,-73.893675
Prospect Park SW & 10 Ave,30,40.659945,-73.977504
Forsyth St & Grand St,63,40.71779817737835,-73.99316132068634
54 St & 37 Ave,25,40.75098,-73.90799
38 St & Northern Blvd,23,40.752372,-73.925384
Lafayette Ave & St James Pl,39,40.68851534,-73.9647628
E 138 St & Willow Ave,18,40.804168,-73.911545
Woodside Ave & 69 St,19,40.7428,-73.89584
71 Ave & Myrtle Ave,27,40.70067,-73.89907
Midwood St & Kingston Ave,20,40.66067,-73.94243
W 82 St & Central Park West,45,40.78275,-73.97137
Broadway & W 153 St,20,40.831327,-73.946665
Bond St & Bergen St,27,40.6849668,-73.98620772
W 165 St & Fort Washington Ave,27,40.84004,-73.942939
E 76 St & Park Ave,28,40.773763,-73.96222088
W 116 St & Amsterdam Ave,43,40.8067581,-73.9607082
Rogers Pl & E 165 St,19,40.82388366441761,-73.8974027708582
Washington Ave & E 167 St,19,40.829896,-73.907618
Cambridge Pl & Gates Ave,18,40.68488,-73.96304
MacDonough St & Marcy Ave,22,40.68078,-73.94613
E 47 St & Park Ave,111,40.75510267,-73.97498696
E 82 St & East End Ave,29,40.7724607,-73.9468208
Herkimer St & New York Ave,25,40.67955,-73.94709
Court St & State St,32,40.6902375,-73.99203074
E 3 St & Church Ave,21,40.643817,-73.977433
Morgan Ave & Lombardy St,30,40.72226,-73.93889
Caton Ave & E 7 St,20,40.647718,-73.973663
1 Ave & E 94 St,39,40.7817212,-73.94594
Evergreen Ave & Noll St,25,40.70106,-73.93318
University Ave & Macombs Rd,23,40.8496401,-73.9161206
Broadway & 12 St,31,40.7668,-73.9347774
W 22 St & 8 Ave,66,40.74475148,-73.99915362
E 19 St & 3 Ave,35,40.73624527,-73.98473765
Norman St & Wyckoff Ave,15,40.69517,-73.90311
Yankee Ferry Terminal,42,40.68706579875912,-74.01675585121666
48 St & Broadway,31,40.755763,-73.912715
Grand Concourse & E 156 St,21,40.823429,-73.924689
Coffey St & Ferris St,24,40.67818387977647,-74.0170168876648
2 Ave & 32 St,27,40.659176,-74.006584
48 Ave & 37 St,19,40.74034668087185,-73.92886072397232
27 St & Hunter St,33,40.7485,-73.941275
57 St & 1 Ave,27,40.646377,-74.023087
Montague St & Clinton St,49,40.6942715,-73.9923272
W 17 St & 7 Ave,47,40.740564236339516,-73.99852573871613
Greene Av & Myrtle Av,30,40.698568,-73.918877
Nostrand Ave & Myrtle Ave,20,40.69527008,-73.95238108
Broadway & Kosciuszko St,29,40.69329,-73.92852
Crown St & Rogers Ave,21,40.66639,-73.95346
Broadway & W 61 St,52,40.77003010255044,-73.9819684624672
Central Park North & Adam Clayton Powell Blvd,36,40.799484,-73.955613
Columbus Pl & Atlantic Ave,21,40.67717,-73.92285
Ditmars Blvd & 79 St,25,40.768728,-73.890745
St Felix Ave & 61 St,19,40.69715,-73.8936
Central Park W & W 97 St,53,40.79249519495111,-73.96417066463071
W 47 St & 9 Ave,54,40.76153045158114,-73.99007007479668
W 51 St & 6 Ave,81,40.7606597,-73.98042047
50 St & Barnett Ave,25,40.750097682094825,-73.91349703073502
37 Ave & 63 St,23,40.74893,-73.89981
Vernon Blvd & 47 Rd,31,40.7449067,-73.9534573
Kingston Ave & Carroll St,20,40.66688,-73.9425
E 44 St & Lexington Ave,49,40.752643,-73.974996
Newtown Ave & 23 St,27,40.7713615,-73.9246145
Stewart Ave & Johnson Ave,17,40.70869,-73.92587
Bayard St & Leonard St,43,40.71915571696044,-73.94885390996933
W 20 St & 8 Ave,84,40.74345335,-74.00004031
W 135 St & Lenox Terrace Pl,29,40.813619,-73.939336
E 11 St & 3 Ave,80,40.73127,-73.98849
Albany Ave & Fulton St,27,40.6800105,-73.938475
1 Ave & E 39 St,53,40.74714,-73.97113
Halsey St & Tompkins Ave,21,40.6823687,-73.944118
Frederick Douglass Blvd & W 145 St,27,40.823061,-73.941928
Pacific St & Nostrand Ave,22,40.6776,-73.94963
Park Pl & Franklin Ave,21,40.6741806,-73.9564947
Lexington Ave & Stuyvesant Ave,20,40.68973,-73.93353
65 St & Otto Rd,21,40.70389,-73.89116
Metropolitan Ave & Flushing Ave,19,40.71334,-73.91572
Underhill Ave & Lincoln Pl,27,40.6740123,-73.9671457
Avenue D & E 3 St,55,40.72082834,-73.97793172
East End Ave & E 86 St,28,40.77518615,-73.94446054
E 10 St & 2 Ave,41,40.72970805644994,-73.9865979552269
Main St & Plymouth St,45,40.703781673548306,-73.99073392152786
Bleecker St & Crosby St,63,40.72615604980408,-73.99510189890862
Crescent St & Ditmars Blvd,19,40.7787185,-73.9145645
12 St & 4 Ave,25,40.668603,-73.9904394
E 2 St & Avenue B,85,40.72217444,-73.98368779
Stephen St & Seneca Ave,15,40.6988,-73.9007
Carlton Ave & Park Ave,23,40.69580705,-73.97355569
Old Broadway & W 133 St,20,40.818212,-73.955277
St. Nicholas Ave & W 157 St,20,40.832314,-73.94102
E 43 St & Madison Ave,56,40.75354681867074,-73.97896572947502
E 132 St & Madison Ave,19,40.810224,-73.937195
Featherbed Ln & Nelson Ave,22,40.846011,-73.919637
Riverside Dr & W 138 St,30,40.823168,-73.955857
10 Ave & W 28 St,68,40.75066386,-74.00176802
Thompson St & Bleecker St,61,40.72840059450829,-73.99968780577183
Tinton Ave & E 165 St,19,40.824796,-73.90242
6 Ave & 9 St,27,40.668127,-73.98377641
Sullivan St & Washington Sq,57,40.73047747,-73.99906065
23 Ave & 27 St,21,40.776165,-73.9153175
E 23 St & 1 Ave,27,40.736502,-73.97809472
Cedar St & Myrtle Ave,27,40.697842,-73.926241
Broadway & W 51 St,78,40.76228826,-73.98336183
Franklin Ave & St Marks Ave,29,40.6758324,-73.9561677
Christopher St & Greenwich St,74,40.73291553,-74.00711384
Broadway & W 29 St,101,40.7462009,-73.98855723
Pulaski St & Marcus Garvey Blvd,19,40.6933982,-73.939877
DeKalb Ave & Franklin Ave,19,40.69064807082943,-73.95746178925037
E 39 St & 2 Ave,31,40.748033194287665,-73.973827958107
Longwood Ave & Southern Blvd,24,40.816343,-73.896447
Barclay St & Church St,37,40.71291224,-74.01020234
Sumpter St & Fulton St,19,40.67923,-73.92588
Jerome Ave & E Mosholu Parkway S,23,40.87935,-73.88534
12 Ave & 36 St,21,40.643546,-73.986418
West End Ave & W 107 St,31,40.8021174,-73.9681805305
W 36 St & 9 Ave,43,40.75462324029105,-73.99516761302948
Madison St & Cypress Ave,17,40.70068,-73.90742
57 St & 7 Ave,22,40.638566,-74.010147
Ditmars Blvd & 76 St,19,40.768442,-73.893531
Greene Ave & Grandview Ave,17,40.709697,-73.907856
31 Ave & Crescent St,21,40.7658346,-73.9265474
Somers St & Broadway,29,40.67945,-73.90474
W 31 St & 7 Ave,84,40.749156,-73.9916
Old Slip & South St,93,40.70336686695866,-74.007867872715
Ditmars Blvd & 48 St,19,40.769219,-73.901001
Bank St & Washington St,31,40.7361967,-74.00859207
Broadway & W 220 St,19,40.872412,-73.912807
7 Ave & 40 St,24,40.648169,-74.000057
W 111 St & 5 Ave,24,40.797520781247556,-73.9489397406578
64 St & 3 Ave,35,40.639978,-74.02324
E 149 St & Eagle Ave,19,40.814046,-73.91186
E 13 St & 2 Ave,54,40.73153937464073,-73.9853024482727
Cortelyou Rd & Argyle Rd,0,40.64034,-73.96603
E 48 St & Tilden Ave,0,40.64795,-73.93182
Church Ave & E 42 St,0,40.65127,-73.93818
Bedford Ave & Albemarle Rd,0,40.64796,-73.9556
Freeman St & Reverend James A Polite Ave,19,40.830529,-73.894717
Jerome Ave & E 198 St,20,40.87144520687118,-73.89289632439613
1 Ave & E 16 St,54,40.73221853,-73.98165557
Sullivan Pl & Bedford Ave,19,40.6642406,-73.9574686
Willow Ave & E 133 St,21,40.800933,-73.913863
E 12 St & Ave C,41,40.727243,-73.976831
47 St & 3 Ave,23,40.649143,-74.012384
Pier 40 - Hudson River Park,23,40.7277140777778,-74.01129573583603
Bond St & Fulton St,47,40.6896218879,-73.9830426872
Jefferson St & Cypress Ave,25,40.70907,-73.92157
W 113 St & Broadway,39,40.805973,-73.964928
W 192 St & University Ave,21,40.866899,-73.901942
1 St & 6 Ave,35,40.672784,-73.979826
W 181 St & Riverside Dr,21,40.85168,-73.94186
W 36 St & 7 Ave,38,40.752149,-73.989539
Amsterdam Ave & W 131 St,19,40.816355,-73.954295
Wyckoff Av & Stanhope St,22,40.703545,-73.917775
Melrose Ave & E 154 St,19,40.819609,-73.916071
Kosciuszko St & Nostrand Ave,23,40.69072549,-73.95133465
Southern Blvd & Avenue St. John,19,40.812769,-73.901583
21 St & 31 Dr,21,40.7659,-73.930819
Patchen Ave & Bainbridge St,19,40.68143,-73.92565
E 67 St & Park Ave,39,40.76780080148132,-73.96592080593109
E 66 St & Madison Ave,25,40.76800889305947,-73.96845281124115
Sterling Pl & Ralph Ave,19,40.67095,-73.92222
Cedar St & Evergreen Ave,25,40.69671,-73.92807
E 97 St & Madison Ave,41,40.787801,-73.953559
Spruce St & Gold St,55,40.7103231,-74.0043228
36 St & 4 Ave,30,40.654144,-74.00422
W 106 St & Central Park West,59,40.7981856,-73.9605909006
Grand Concourse & E 192 St,21,40.86448,-73.89522
Water St &  Fletcher St,79,40.706410755236135,-74.00559738278389
Peck Slip & South St,45,40.7075188830923,-74.00108054280281
Decatur Ave & Oliver Pl,23,40.867,-73.8857764
3 Ave & E 71 St,42,40.76873687,-73.96119945
34 Ave & 48 St,25,40.75388,-73.914952
Willis Ave & Bruckner Blvd,19,40.805701,-73.925177
Throop Ave & Myrtle Ave,21,40.69622937,-73.94371094
Gerard Ave & E 146 St,19,40.817755,-73.92965
28 Ave & 35 St,27,40.7671,-73.9169858
St. Ann's Ave & E 144 St,23,40.811112,-73.914932
E 81 St & Park Ave,46,40.77677702,-73.9590097
1 Ave & E 30 St,38,40.74144387,-73.97536082
W 160 St & St. Nicholas Ave,26,40.834468,-73.939865
28 Ave & 44 St,19,40.76408932350688,-73.91065120697021
53 St & Roosevelt Ave,21,40.74462,-73.91143
Frederick Douglass Blvd & W 112 St,37,40.801694,-73.957145
Eastern Pkwy & Nostrand Ave,27,40.66967,-73.9503
Dahill Rd & 12 Ave,22,40.646037,-73.980963
21 St & Queens Plaza North,35,40.75325964,-73.94335788
E 43 St & 2 Ave,52,40.75022392,-73.97121414
W 15 St & 7 Ave,79,40.73935542,-73.99931783
40 St & Queens Blvd,25,40.743540273428685,-73.92435193061829
Broadway & W 122 St,33,40.8120562,-73.9612547
Nostrand Ave & Rutland Rd,20,40.6595,-73.95041
Eastern Pkwy & Washington Ave,31,40.6716493,-73.9631145
59 St & 59 Rd,21,40.71790852734058,-73.908454477787
Washington Pl & Broadway,27,40.72903917,-73.99404649
E 2 St & Avenue A,37,40.72307749068673,-73.98583620786667
34 St & 35 Ave,21,40.7569332,-73.9262231
E 50 St & Park Ave,37,40.757334,-73.974235
21 Ave & Crescent St,24,40.780478,-73.912212
Bailey Ave & W 193 St,23,40.87069,-73.90678
Clark St & Henry St,43,40.69760127,-73.99344559
Cumberland St & Lafayette Ave,31,40.68753406,-73.97265183
E 2 St & Avenue C,84,40.7208736,-73.98085795
Adams St & Prospect St,59,40.700763083261506,-73.98869812488556
Van Brunt St & Wolcott St,36,40.6773429,-74.01275056
E 97 St & 3 Ave,30,40.7859201,-73.94860294
46 St & 25 Ave,24,40.765753,-73.90676
Dyckman St & Henshaw St,19,40.867357,-73.92936
St Johns Pl & Howard Ave,21,40.66992,-73.92002
N 9 St & Wythe Ave,31,40.72054,-73.959
2 Ave & 44 St,19,40.65230357303063,-74.01344954967499
W 140 St & Riverside Dr,23,40.824013,-73.954743
MacDougal St & Rockaway Ave,20,40.68018,-73.91136
20 Ave & 38 St,29,40.777112,-73.902382
Sterling Pl & Schenectady Ave,21,40.6716,-73.93378
Milton St & Franklin St,33,40.72906,-73.95779
10 St & 5 Ave,24,40.6686273,-73.98700053
Tiebout Ave & E 184 St,18,40.858498,-73.89637
35 St & Broadway,18,40.760339,-73.9222427
W 29 St & 9 Ave,29,40.7500727,-73.99839279
Hope St & Union Ave,25,40.71167351,-73.95141312
10 St & 4 Ave,31,40.66967356370341,-73.98898908183764
Putnam Ave & Knickerbocker Ave,29,40.69545,-73.91164
Buffalo Ave & E New York Ave,24,40.66591,-73.92602
Washington Ave & E 163 St,23,40.824,-73.91089
Washington St & Barrow St,57,40.73191132323174,-74.008769094944
W 20 St & 5 Ave,57,40.73972989238724,-73.99103969335556
Driggs Ave & S 2 St,30,40.712628,-73.960575
University Ave & W 168 St,18,40.838706,-73.927034
Knickerbocker Ave & George St,23,40.704425,-73.92836
Van Dam St & Meeker Ave,21,40.72532,-73.9368
40 Ave & Crescent St,23,40.753599202005596,-73.93795609474182
Bradhurst Ave & W 148 St,22,40.825125,-73.941616
W 17 St & 8 Ave,74,40.74177603,-74.00149746
E 133 St & Cypress Pl,19,40.80262,-73.9174
Sedgwick Ave & W Burnside Ave,17,40.854947,-73.916661
Steinway St & 28 Ave,25,40.7656251,-73.9136695
Wyckoff Ave & Cooper Ave,19,40.69338,-73.90061
E 114 St & 1 Ave,26,40.7945663,-73.9362541
Maple St & Albany Ave,19,40.66155,-73.93974
Grand Ave & W Fordham Rd,22,40.86288,-73.90316
Kent St & McGuinness Blvd,20,40.73124,-73.95161
E 13 St & Avenue A,90,40.72966729392978,-73.98067966103554
Jefferson Ave & Patchen Ave,19,40.68609,-73.92628
6 Ave & 21 St,27,40.66016,-73.990974
College Ave & E 170 St,24,40.837576,-73.910489
Vernon Blvd & 50 Ave,45,40.74232744,-73.95411749
Greenwich St & Perry St,45,40.73498,-74.00697
E 158 St & Melrose Ave,23,40.822215,-73.914688
Warren St & Court St,31,40.686371,-73.99383324
Midwood St & Utica Ave,22,40.66124,-73.93164
Adam Clayton Powell Blvd & W 151 St,18,40.825289,-73.936232
7 Ave S & Bleecker St,59,40.73213896287381,-74.00363802909851
Schermerhorn St & Court St,59,40.6910363748993,-73.99201065301895
Metropolitan Ave & Meeker Ave,30,40.71413311,-73.95234386
Clarkson Ave & Nostrand Ave,25,40.6555,-73.94975
E 160 St & Tinton Ave,22,40.820302,-73.903944
Fulton St & Utica Ave,19,40.6794268,-73.9298911
10 Ave & W 207 St,39,40.864632,-73.918598
Central Park W & W 103 St,40,40.79558954105342,-73.96188408136368
69 St & 38 Ave,24,40.74694504524519,-73.89650255441666
Lewis Ave & Greene Ave,23,40.68995,-73.9365
Stagg St & Union Ave,33,40.70877084,-73.95095259
30 Ave & 21 St,15,40.7703743,-73.9286078
9 Ave & W 219 St,19,40.871094,-73.911503
Lenox Ave & W 126 St,34,40.808442,-73.9452087
Columbia St & W 9 St,21,40.6769993,-74.00647134
W 54 St & 9 Ave,44,40.76584941,-73.98690506
E 6 St & 2 Ave,69,40.727378693232225,-73.98840844631195
7 Ave & 62 St,30,40.63556,-74.01298
E 51 St & 1 Ave,35,40.75455731,-73.96592976
E 9 St & 5 Ave,59,40.73275887045087,-73.99581670761108
Webster Ave & E 166 St,19,40.828975,-73.911259
5 Ave & E 135 St,21,40.812191,-73.937838
Madison St & Woodward Ave,20,40.70408,-73.90408
63 St & 5 Ave,24,40.63766,-74.01782
Water St & Gouverneur Ln,37,40.70469667894968,-74.00803416967392
W 48 St &  Rockefeller Plaza,51,40.75776935448309,-73.97929430007935
W 15 St & 10 Ave,57,40.742753828659026,-74.00747358798981
59 St & 4 Ave,35,40.641269,-74.017651
Troy Ave & Park Pl,21,40.67251,-73.93642
Wales Ave & E 147 St,19,40.811314,-73.907729
12 Ave & W 125 St,39,40.818299,-73.960405
Carlton Ave & Flushing Ave,46,40.697787,-73.973736
Washington St & Laight St,43,40.72231,-74.0106
Astoria Park S & Shore Blvd,33,40.7767,-73.927631
30 St & 4 Ave,19,40.657743,-74.001141
Sheridan Ave & E 172 St,24,40.840494,-73.911479
Atlantic Ave & Fort Greene Pl,62,40.68382604,-73.97632328
Bainbridge Ave & E 193 St,27,40.86389,-73.89246
E 9 St & Avenue C,50,40.72521311,-73.97768752
Rogers Ave & Sterling St,17,40.6630619,-73.9538746
Court St & Nelson St,33,40.6763947,-73.99869893
W 22 St & 10 Ave,77,40.74691959,-74.00451887
Bergen St & Kingston Ave,22,40.6756,-73.9415
Willoughby Ave & Onderdonk Ave,27,40.7098,-73.91727
Wyckoff Ave & Gates Ave,36,40.699871408829885,-73.91171872615814
Willis Ave & E 141 St,19,40.81093,-73.921606
W 34 St & 11 Ave,80,40.75594159,-74.0021163
Grand Concourse & E 203 St,26,40.87382,-73.88661
E 4 St & 2 Ave,78,40.7262807,-73.98978041
College Ave & E 169 St,19,40.835122799036405,-73.91196817159653
E 22 St & 2 Ave,49,40.73716919369882,-73.98122549057007
59 St & 5 Ave,30,40.640125,-74.015726
Webb Ave & W 190 St,22,40.8660052,-73.904254892
35 Ave & 37 St,31,40.7557327,-73.9236611
Broadway & W 131 St,21,40.817555,-73.957163
Degraw St & Smith St,27,40.6829151,-73.99318208
Walton Ave & E 183 St,29,40.858472,-73.90266
Harlem River Dr & W 155 St,24,40.830476,-73.939929
Nevins St & Schermerhorn St,28,40.68737247650719,-73.98176059126854
Amsterdam Ave & W 82 St,39,40.78524672,-73.97667321
Grand Concourse & E 166 St,24,40.83196,-73.91956
Cooper Square & Astor Pl,87,40.72951496224949,-73.99075269699097
St Marks Pl & 1 Ave,69,40.72779126,-73.98564945
W Broadway & W Houston St,50,40.726378,-74.000472
Bialystoker Pl & Delancey St,33,40.71622644,-73.98261206
Sterling St & Bedford Ave,19,40.6627059,-73.9569115
Lafayette Ave & Stuyvesant Ave,24,40.6919925157634,-73.9325501024723
E 188 St & Creston Ave,33,40.861669,-73.898589
53 St & 4 Ave,25,40.644862,-74.014531
Ashland Pl & Dekalb Ave,47,40.690065,-73.978776
E 182 St & Morris Ave,19,40.85670801831255,-73.90265285968779
Withers St & Kingsland Ave,18,40.71773,-73.94051
46 St & 6 Ave,21,40.645921,-74.005708
Pitt St & Stanton St,15,40.71926081,-73.98178024
E 47 St & 1 Ave,70,40.75206862,-73.96784384
Cypress Hills St & Otto Rd,19,40.70204,-73.89288
South St & Whitehall St,55,40.70122128,-74.01234218
Intervale Ave & Westchester Ave,27,40.821967,-73.896752
36 St & Queens Blvd,24,40.74408,-73.92901
Maiden Ln & Pearl St,29,40.70706456,-74.00731853
W 190 St & St. Nicholas Ave,28,40.854788,-73.929513
36 St & Ditmars Blvd,25,40.774306,-73.908335
Carroll St & Rochester Ave,21,40.66598,-73.9284
3 Ave & E 170 St,21,40.834857,-73.903743
Adam Clayton Powell Blvd & W 130 St,21,40.812346,-73.946168
E 44 St & 2 Ave,39,40.75118387463277,-73.97138714790344
Norfolk St & Broome St,59,40.7172274,-73.98802084
South End Ave & Albany St,45,40.709957,-74.016538
St Mary's St & Jackson Ave,19,40.808891,-73.91081
Frederick Douglass Blvd & W 117 St,39,40.805159,-73.954692
St Marks Ave & Rochester Ave,20,40.67404,-73.92772
31 Ave & 61 St,21,40.757525,-73.901614
Willis Ave & E 143 St,23,40.812299,-73.92037
Calyer St & Jewel St,40,40.72984,-73.94839
8 Ave & W 24 St,39,40.74591072834279,-73.99807110428809
61 St & Woodside Ave,20,40.74501,-73.9036
45 St & 4 Ave,24,40.649145,-74.009486
Madison Ave & E 26 St,75,40.742684734875695,-73.98671329021454
Madison St & Forest Ave,25,40.70555,-73.90245
2 Ave & E 72 St,55,40.7687620293096,-73.95840793848038
60 Pl & Bleecker St,19,40.71107,-73.903
Prospect Park SW & Greenwood Ave,30,40.652563,-73.972573
Irving Ave & Halsey St,19,40.69467,-73.90663
Flatbush Ave & Fenimore St,24,40.65798,-73.96051
W 147 St & Adam Clayton Powell Blvd,25,40.82281,-73.937413
Fresh Pond Rd & Eliot Ave,20,40.71453,-73.90105
10 Ave & W 14 St,55,40.741981599940225,-74.00831580162048
Kingston Ave & Herkimer St,24,40.67890679,-73.94142771
Thomas S. Boyland St & Marion St,19,40.6814658848122,-73.91415685415268
Spruce St & Nassau St,34,40.71146364,-74.00552427
Sands St Gate,19,40.699569,-73.979827
Jerome Ave & W 184 St,20,40.860814,-73.902541
9 Ave & W 18 St,84,40.74317449,-74.00366443
Liberty St & Broadway,45,40.70905623,-74.01043382
E 149 St & Morris Ave,35,40.81734,-73.922962
Bayard St & Baxter St,43,40.71602118,-73.99974372
E 165 St & Jerome Ave,21,40.83263,-73.925101
Fairview Ave & Linden St,19,40.70694,-73.90632
31 St & 21 Ave,27,40.77813,-73.90842
Nassau St & Duffield St,53,40.698477,-73.98384
Clinton St & Union St,38,40.6831164,-73.99785267
Flatbush Ave & Lincoln Rd,23,40.66131,-73.96091
Greenwich St & W Houston St,80,40.728846,-74.008591
Sterling Pl & Rochester Ave,22,40.67128,-73.92825
W Mosholu Pkwy S & Sedgwick Ave,37,40.88226,-73.88702
Degraw St & Hoyt St,27,40.681990442707026,-73.99079024791718
Allen St & Stanton St,49,40.722055,-73.989111
Skillman Ave & Honeywell St,19,40.747148249032804,-73.92902433872223
W 163 St & Edgecombe Ave,19,40.835798,-73.937496
North Moore St & Greenwich St,29,40.72019521437465,-74.0103006362915
Ash St & Manhattan Ave,31,40.738095,-73.954867
10 Ave & W 204 St,20,40.862638,-73.92006
West St & Chambers St,114,40.71754834,-74.01322069
Prospect Ave & Vanderbilt St,19,40.653368,-73.976291
Bushwick Ave & Forrest St,20,40.70076,-73.93641
Dyckman St & 10 Ave,19,40.85890447538412,-73.9230939745903
Catalpa Ave & Woodward Ave,19,40.70229,-73.90145
West Farms Rd & Boone Ave,20,40.8301283948092,-73.88630211353302
36 Ave & 10 St,19,40.7614376,-73.9411265
Bedford Ave & Nassau Ave,49,40.72311651,-73.95212324
Leonard St & Boerum St,24,40.70583339,-73.94644578
W 87 St & West End Ave,47,40.789622,-73.97757
55 St & 7 Ave,25,40.639673,-74.008957
65 Ln & Metropolitan Ave,24,40.7123,-73.89397
Morris Ave & E 184 St,23,40.86008,-73.90079
Powers St & Olive St,19,40.71323,-73.93894
Union Ave & Wallabout St,31,40.70029511,-73.95032283
Washington St & Gansevoort St,51,40.739323,-74.008119
Metropolitan Ave & Stewart Ave,20,40.71401,-73.92793
62 St & 4 Ave,19,40.639859,-74.019776
Stuyvesant Ave & Gates Ave,23,40.68834,-73.93306
Winthrop St & Rogers Ave,20,40.65686,-73.95331
Sigourney St & Columbia St,21,40.67267243410948,-74.0087952464819
Maple St & New York Ave,23,40.66104,-73.94795
Grand Concourse & E 196 St,25,40.86767,-73.89286
1 Pl & Clinton St,34,40.6809591,-73.99905709
Rogers Ave & Lincoln Rd,23,40.66127,-73.95352
St. Johns Pl & Kingston Ave,22,40.67113,-73.94222
Broadway & W 37 St,57,40.75172632,-73.98753523
47 Ave & Skillman Ave,19,40.7437524099784,-73.94176483154297
Centre St & Seneca Ave,23,40.69969,-73.9022
N 11 St & Kent Ave,27,40.72248188638219,-73.95921930670738
W 159 St & Edgecombe Ave,21,40.833303,-73.939326
Perry St & Bleecker St,78,40.73535398,-74.00483091
E 30 St & Park Ave S,65,40.74444921,-73.98303529
W 186 St & St. Nicholas Ave,26,40.852253,-73.931308
MacDonough St & Malcolm X Blvd,20,40.68273,-73.92926
Amsterdam Ave & W 172 St,23,40.842173,-73.935111
E 115 St & Madison Ave,31,40.7989445,-73.944846
Washington Ave & Greene Ave,19,40.68650065,-73.96563307
57 Rd & 58 St,21,40.72235,-73.91215
Reade St & Broadway,62,40.71450451,-74.00562789
Bus Slip & State St,69,40.701907,-74.013942
9 Ave & W 45 St,31,40.76019252,-73.9912551
Morningside Ave & W 123 St,35,40.81,-73.9551508
4 Ave & 26 St,24,40.660079,-73.998633
61 St & 39 Ave,30,40.7471,-73.9028
Market St & Cherry St,45,40.71076228,-73.99400398
12 Ave & W 40 St,51,40.76087502,-74.00277668
Knickerbocker Ave & Halsey St,19,40.693,-73.90824
W 33 St & 10 Ave,51,40.753773368360385,-73.99937599897385
E 33 St & 1 Ave,83,40.74322681432173,-73.97449783980846
Courtlandt Ave & E 149 St,23,40.816402,-73.919549
Westchester Ave & Longwood Ave,23,40.819701,-73.901311
Riverside Dr & W 153 St,21,40.832164,-73.949702
W 13 St & 7 Ave,47,40.73781509,-73.99994661
E 1 St & 1 Ave,75,40.72335597960796,-73.98864984512329
Kane St & Clinton St,27,40.6861758,-73.99645295
River Ter & Warren St,69,40.71759894980997,-74.01587963104248
DeKalb Ave & Vanderbilt Ave,23,40.68940747,-73.96885458
1 Ave & E 62 St,45,40.7612274,-73.96094022
W 53 St & 10 Ave,29,40.76669671,-73.99061728
Menahan St & Onderdonk Ave,20,40.70553,-73.9096
Pike St & Monroe St,27,40.71173107,-73.99193043
E 2 St & 2 Ave,84,40.72502876,-73.99069656
E 4 St & Ave B,37,40.723346832180155,-73.98265913128853
3 Ave & E 62 St,51,40.76312584,-73.96526895
Bergen St & Troy Ave,22,40.67524,-73.93596
48 St & Barnett Ave,18,40.750016404259334,-73.91540944576263
Prospect Park West & 8 St,25,40.66514681533792,-73.97637605667114
Perry St & Greenwich Ave,53,40.735918,-74.000939
39 St & 47 Ave,19,40.74215636827728,-73.92662644386292
West St & Liberty St,48,40.711444,-74.014847
Kosciuszko St & Tompkins Ave,18,40.69128258,-73.9452416
Hoe Ave & Jennings St,20,40.832171,-73.889686
Parkside Ave & Parade Pl,22,40.6532,-73.96639
E 26 St & 3 Ave,39,40.74069317733043,-73.98160636425018
Lincoln Ave & E 138 St,26,40.810893,-73.927311
E 77 St & 1 Ave,51,40.77095553869235,-73.95356208096926
Lefferts Ave & Schenectady Ave,27,40.66343,-73.93472
Douglass St & 4 Ave,51,40.6792788,-73.98154004
Bradley Ave & Greenpoint Ave,21,40.73565914819229,-73.93478840589523
3 Ave & E 163 St,27,40.823872,-73.908699
56 St & Arnold Ave,21,40.71484,-73.909
14 St Ferry - 14 St & Shipyard Ln,32,40.752960630464955,-74.02435272932053
Adams St & 11 St,18,40.750915534784994,-74.03354063630104
Bloomfield St & 15 St,14,40.75453,-74.02658
7 St & Monroe St,22,40.74641264837719,-74.03797701001167
City Hall - Washington St & 1 St,22,40.73736,-74.03097
Jersey & 3rd,14,40.72333158646436,-74.04595255851744
Union St,18,40.7182113,-74.0836394
Montgomery St,14,40.71942,-74.05099
Harborside,30,40.7192517,-74.034234
9 St HBLR - Jackson St & 8 St,18,40.74790720968899,-74.03841152787209
4 St & Grand St,18,40.7422579775645,-74.03511106967926
JC Medical Center,21,40.71539114317,-74.04969155788422
Newport PATH,18,40.7272235,-74.0337589
City Hall,22,40.7177325,-74.043845
11 St & Washington St,24,40.74998490907138,-74.02715027332306
Essex Light Rail,22,40.7127742,-74.0364857
South Waterfront Walkway - Sinatra Dr & 1 St,30,40.73698221818716,-74.02778059244156
Van Vorst Park,22,40.71848892,-74.047726625
Hoboken Terminal - River St & Hudson Pl,46,40.7360676564825,-74.02912706136703
Mama Johnson Field - 4 St & Jackson St,22,40.74313993965626,-74.04004096984863
Baldwin at Montgomery,14,40.7236589,-74.0641943
Grand St,18,40.71517767732029,-74.03768330812454
Clinton St & 7 St,18,40.74542,-74.03332
Washington St,18,40.7242941,-74.0354826
Madison St & 1 St,21,40.73879,-74.0393
Marin Light Rail,26,40.71458403535893,-74.04281705617905
Church Sq Park - 5 St & Park Ave,21,40.74265933273143,-74.03223305940628
Bergen Ave,14,40.722103786686034,-74.07145500183105
Glenwood Ave,18,40.72755146730012,-74.07106071710587
Astor Place,14,40.71928220070702,-74.07126188278198
Exchange Pl,30,40.71636596185077,-74.034343957901
Manila & 1st,18,40.721650724879986,-74.04288411140442
Dixon Mills,18,40.721630142638354,-74.04996782541275
Hilltop,26,40.7311689,-74.0575736
Dey St,18,40.737711,-74.066921
Pershing Field,18,40.742677141,-74.051788633
Christ Hospital,22,40.734785818,-74.050443636
York St & Marin Blvd,18,40.716615000830494,-74.0424120426178
Bergen Ave & Stegman St,19,40.70657545063453,-74.0867006778717
Paulus Hook,14,40.7141454,-74.0335519
Grove St PATH,42,40.71941,-74.04309
Heights Elevator,18,40.748715945380226,-74.04044330120087
Grant Ave & MLK Dr,18,40.70919832245443,-74.08084273338318
Jackson Square,18,40.71113,-74.0789
Willow Ave & 12 St,15,40.7518674823282,-74.03037697076797
Southwest Park - Jackson St & Observer Hwy,20,40.73755127245804,-74.04166370630264
Clinton St & Newark St,14,40.73743,-74.03571
Morris Canal,14,40.7124188237569,-74.03852552175522
Columbus Park - Clinton St & 9 St,26,40.74816121065146,-74.0324530005455
Oakland Ave,26,40.7376037,-74.0524783
Journal Square,18,40.73367,-74.0625
Riverview Park,18,40.7443187,-74.0439909
Grand St & 14 St,19,40.75409,-74.0316
Hudson St & 4 St,14,40.74097260864355,-74.02860336005688
Lincoln Park,18,40.7246050998869,-74.07840594649315
Madison St & 10 St,21,40.74994325412246,-74.03586477041245
Newport Pkwy,14,40.7287448,-74.0321082
McGinley Square,22,40.7253399253558,-74.06762212514877
Lafayette Park,14,40.71346382669195,-74.06285852193832
Adams St & 2 St,15,40.73981372311843,-74.03690412640572
Stevens - River Ter & 6 St,18,40.74313282710551,-74.02698867022991
Hamilton Park,26,40.727595966,-74.044247311
Brunswick St,22,40.7241765,-74.0506564
Leonard Gordon Park,14,40.74590996631558,-74.0572714805603
5 Corners Library,18,40.734961020009514,-74.0595030784607
Newark Ave,22,40.72152515,-74.046304543
Columbus Drive,14,40.71835519823214,-74.03891444206238
8 St & Washington St,21,40.745983882915624,-74.02819901704788
6 St & Grand St,18,40.744397833095604,-74.03450086712837
Warren St,22,40.7211236,-74.03805095
Fairmount Ave,18,40.72572613742557,-74.07195925712585
Marshall St & 2 St,18,40.740802,-74.042521
Communipaw & Berry Lane,14,40.71435836870427,-74.06661093235016
Monmouth and 6th,14,40.72568548362901,-74.04879033565521
Jersey & 6th St,14,40.72528910781132,-74.04557168483734
12 St & Sinatra Dr N,28,40.750604142368964,-74.02402013540268
2 St & Park Ave,15,40.73915272763701,-74.0330819785595
Bergen Ave & Sip Ave,33,40.73100888698729,-74.06443700194359
Hoboken Ave at Monmouth St,32,40.73520838045357,-74.04696375131607
Brunswick & 6th,14,40.72601172964625,-74.05038893222809
Liberty Light Rail,22,40.7112423,-74.0557013
Hoboken Terminal - Hudson St & Hudson Pl,24,40.73593758446329,-74.03030455112457
